Rk;90s;Cmp;Att;Cmp%;TotDist;PrgDist;Cmp;Att;Cmp%;Cmp;Att;Cmp%;Cmp;Att;Cmp%;Ast;xAG;xA;A-xAG;KP;1/3;PPA;CrsPA;PrgP
1;16.3;533;718;74.2;10856;4472;201;226;88.9;236;286;82.5;91;179;50.8;1;0.6;1.3;+0.4;8;48;13;7;64
2;3.6;136;166;81.9;2597;558;61;68;89.7;57;67;85.1;18;24;75.0;0;0.5;0.7;-0.5;7;18;8;3;19
3;10.0;270;346;78.0;5820;2558;73;77;94.8;159;178;89.3;38;82;46.3;0;0.0;0.1;0.0;0;11;1;0;15
4;23.0;448;656;68.3;14287;11125;84;85;98.8;160;165;97.0;197;399;49.4;0;0.0;0.0;0.0;1;12;0;0;0
5;9.0;320;404;79.2;6325;2802;110;133;82.7;163;184;88.6;42;67;62.7;1;0.7;0.4;+0.3;7;43;2;0;33
6;9.0;168;267;62.9;5751;4432;21;21;100.0;75;76;98.7;70;167;41.9;0;0.0;0.0;0.0;1;7;2;0;0
7;0.1;5;6;83.3;71;37;3;3;100.0;2;2;100.0;0;1;0.0;0;0.0;0.0;0.0;0;2;0;0;0
8;6.3;223;285;78.2;3828;1303;109;129;84.5;93;116;80.2;18;27;66.7;0;0.1;0.3;-0.1;5;14;2;1;17
9;11.5;455;548;83.0;9860;3232;141;149;94.6;232;265;87.5;80;123;65.0;0;0.1;0.3;-0.1;2;41;0;0;40
10;12.4;155;222;69.8;2089;412;107;134;79.9;35;50;70.0;8;13;61.5;1;0.5;0.5;+0.5;10;15;5;0;18
11;11.3;341;444;76.8;6488;2752;152;173;87.9;141;183;77.0;46;77;59.7;0;1.0;1.1;-1.0;13;22;15;11;33
12;6.5;264;330;80.0;5690;2175;79;88;89.8;136;158;86.1;49;78;62.8;0;0.0;0.1;0.0;0;23;0;0;26
13;16.0;182;282;64.5;2675;803;106;139;76.3;53;87;60.9;15;27;55.6;4;3.5;1.8;+0.5;23;19;8;2;22
14;1.2;41;60;68.3;668;282;23;26;88.5;13;20;65.0;5;10;50.0;0;0.1;0.1;-0.1;3;2;2;1;5
15;3.6;40;57;70.2;485;115;31;42;73.8;7;10;70.0;1;2;50.0;1;0.4;0.2;+0.6;5;4;1;0;7
16;1.4;40;55;72.7;642;211;24;28;85.7;13;19;68.4;3;6;50.0;0;0.2;0.3;-0.2;3;1;4;1;6
17;10.1;361;437;82.6;7561;2997;109;120;90.8;186;208;89.4;65;102;63.7;0;0.0;0.0;0.0;0;15;0;0;22
18;21.1;951;1196;79.5;17280;7517;404;434;93.1;432;516;83.7;100;199;50.3;2;1.4;1.7;+0.6;20;116;24;16;156
19;5.0;111;162;68.5;4069;3209;11;11;100.0;45;46;97.8;55;105;52.4;0;0.0;0.0;0.0;0;4;0;0;0
20;2.0;33;50;66.0;1303;1157;4;4;100.0;13;13;100.0;16;33;48.5;0;0.0;0.0;0.0;0;1;0;0;0
21;13.6;403;569;70.8;8164;3307;142;169;84.0;192;250;76.8;66;131;50.4;2;0.9;0.5;+1.1;11;46;5;2;41
22;1.6;57;77;74.0;1102;403;22;23;95.7;23;34;67.6;10;17;58.8;0;0.2;0.1;-0.2;4;4;2;1;4
23;6.7;293;372;78.8;5334;2236;131;150;87.3;117;141;83.0;36;63;57.1;0;0.1;0.1;-0.1;2;30;2;2;32
24;1.4;78;89;87.6;1225;428;37;40;92.5;36;42;85.7;4;5;80.0;0;0.0;0.0;0.0;0;8;0;0;13
25;1.9;65;98;66.3;1149;382;36;42;85.7;18;30;60.0;9;18;50.0;0;0.1;0.2;-0.1;3;1;2;2;3
26;1.5;49;60;81.7;1034;526;15;16;93.8;25;30;83.3;8;12;66.7;1;0.8;0.1;+0.2;3;9;0;0;9
27;0.2;5;5;100.0;65;24;4;4;100.0;1;1;100.0;0;0;;0;0.0;0.0;0.0;0;1;0;0;0
28;10.3;270;384;70.3;4895;2387;117;139;84.2;119;156;76.3;31;62;50.0;0;0.7;0.9;-0.7;4;34;3;2;32
29;1.0;12;16;75.0;141;23;6;8;75.0;4;6;66.7;0;0;;0;0.0;0.0;0.0;0;0;0;0;1
30;3.6;70;95;73.7;1018;216;44;61;72.1;17;21;81.0;5;7;71.4;1;0.9;0.5;+0.1;5;3;3;0;9
31;17.8;590;758;77.8;9383;2884;336;386;87.0;195;246;79.3;47;96;49.0;0;1.8;2.2;-1.8;27;77;17;0;98
32;4.8;169;207;81.6;3211;1390;58;66;87.9;95;103;92.2;14;32;43.8;0;0.0;0.0;0.0;1;6;0;0;7
33;3.5;96;129;74.4;1980;563;43;51;84.3;37;50;74.0;16;26;61.5;1;0.5;0.4;+0.5;7;8;0;0;12
34;20.9;848;1110;76.4;14471;6296;411;477;86.2;352;424;83.0;71;150;47.3;5;3.5;2.8;+1.5;38;87;28;12;97
35;3.1;86;107;80.4;1156;234;55;63;87.3;25;32;78.1;4;7;57.1;0;0.1;0.5;-0.1;4;7;4;0;10
36;2.6;67;83;80.7;1013;301;40;46;87.0;19;21;90.5;5;8;62.5;1;0.4;0.4;+0.6;6;5;3;2;7
37;12.5;573;746;76.8;10813;4434;247;275;89.8;232;272;85.3;85;166;51.2;5;2.8;3.4;+2.2;43;76;26;7;99
38;15.3;595;702;84.8;12042;3774;193;216;89.4;312;343;91.0;87;128;68.0;0;0.1;0.2;-0.1;1;43;0;0;40
39;15.0;405;541;74.9;11436;8500;71;71;100.0;213;219;97.3;121;251;48.2;0;0.2;0.0;-0.2;2;11;1;0;0
40;0.7;27;30;90.0;515;149;9;9;100.0;15;16;93.8;3;4;75.0;0;0.0;0.0;0.0;0;1;1;0;5
41;1.4;54;62;87.1;1130;404;22;23;95.7;22;28;78.6;10;11;90.9;0;0.0;0.0;0.0;0;7;0;0;4
42;15.1;885;1020;86.8;15114;5019;412;456;90.4;390;434;89.9;65;90;72.2;1;1.4;1.8;-0.4;16;76;11;4;90
43;0.3;16;19;84.2;259;103;10;12;83.3;5;6;83.3;1;1;100.0;1;0.1;0.0;+0.9;1;2;0;0;1
44;0.2;19;21;90.5;233;40;11;11;100.0;5;5;100.0;1;2;50.0;0;0.0;0.1;0.0;1;3;0;0;2
45;2.3;;;;;;;;;;;;;;;0;;;;;;;;
46;0.4;14;18;77.8;286;90;4;4;100.0;8;8;100.0;2;4;50.0;0;0.0;0.2;0.0;1;0;4;2;2
47;0.5;23;31;74.2;351;128;14;14;100.0;8;10;80.0;1;7;14.3;0;0.0;0.0;0.0;1;2;1;0;5
48;6.9;238;335;71.0;3822;1733;120;146;82.2;102;140;72.9;11;32;34.4;0;0.3;0.2;-0.3;3;16;3;2;25
49;6.0;93;143;65.0;2941;2414;19;19;100.0;37;37;100.0;37;86;43.0;0;0.1;0.0;-0.1;1;2;0;0;0
50;8.0;170;230;73.9;6136;5047;22;22;100.0;68;69;98.6;79;138;57.2;0;0.0;0.0;0.0;1;8;0;0;0
51;18.1;367;502;73.1;5462;1678;216;256;84.4;121;163;74.2;18;40;45.0;3;2.0;2.8;+1.0;26;27;32;15;60
52;14.6;693;841;82.4;11177;3989;378;416;90.9;238;286;83.2;52;88;59.1;1;0.7;0.8;+0.3;14;61;14;5;89
53;7.3;484;536;90.3;8233;2633;221;240;92.1;219;237;92.4;35;43;81.4;1;1.1;1.2;-0.1;7;45;2;0;50
54;10.4;224;310;72.3;3942;1158;94;113;83.2;90;114;78.9;27;49;55.1;1;0.9;0.9;+0.1;12;23;6;4;32
55;5.7;212;273;77.7;3406;920;112;138;81.2;84;101;83.2;11;24;45.8;2;1.3;0.9;+0.7;6;12;5;2;20
56;14.6;285;414;68.8;4631;1468;151;181;83.4;98;134;73.1;26;56;46.4;3;2.7;2.3;+0.3;15;15;14;6;43
57;16.0;570;673;84.7;12259;4448;178;193;92.2;275;303;90.8;111;157;70.7;1;0.9;0.5;+0.1;2;39;8;0;52
58;4.9;90;107;84.1;1408;294;55;58;94.8;23;25;92.0;10;15;66.7;0;0.0;0.1;0.0;0;8;0;0;6
59;0.3;8;10;80.0;96;26;5;5;100.0;2;3;66.7;0;1;0.0;0;0.0;0.0;0.0;0;1;0;0;0
60;2.8;50;81;61.7;771;180;23;39;59.0;22;32;68.8;2;2;100.0;0;0.3;0.4;-0.3;3;4;2;0;7
61;12.1;300;397;75.6;6344;2439;76;99;76.8;180;204;88.2;41;80;51.3;0;0.0;0.1;0.0;2;19;0;0;13
62;2.0;27;36;75.0;313;32;14;19;73.7;8;9;88.9;0;0;;0;0.1;0.1;-0.1;3;0;2;0;2
63;2.9;98;127;77.2;1632;406;51;59;86.4;36;47;76.6;9;10;90.0;0;0.0;0.1;0.0;0;14;3;0;13
64;15.1;561;671;83.6;12230;4155;133;153;86.9;336;379;88.7;89;131;67.9;0;0.1;0.2;-0.1;3;27;0;0;31
65;0.8;33;45;73.3;440;132;18;24;75.0;13;14;92.9;1;3;33.3;1;0.2;0.1;+0.8;2;5;1;0;6
66;0.2;5;5;100.0;67;0;2;2;100.0;3;3;100.0;0;0;;0;0.0;0.0;0.0;0;0;0;0;0
67;1.8;72;82;87.8;1347;660;29;29;100.0;38;42;90.5;5;10;50.0;0;0.0;0.0;0.0;0;8;0;0;8
68;4.9;40;64;62.5;544;97;27;32;84.4;12;17;70.6;0;1;0.0;0;0.3;0.1;-0.3;3;2;0;0;3
69;7.7;230;283;81.3;4393;1457;82;96;85.4;107;124;86.3;32;43;74.4;1;0.2;0.3;+0.8;5;33;3;0;30
70;17.9;1065;1169;91.1;20029;6210;436;464;94.0;488;519;94.0;125;152;82.2;1;0.2;0.6;+0.8;5;110;3;0;89
71;12.0;360;472;76.3;8440;4166;81;93;87.1;198;232;85.3;79;138;57.2;0;0.1;0.1;-0.1;4;24;0;0;23
72;2.1;58;83;69.9;1238;518;24;27;88.9;22;28;78.6;12;26;46.2;0;0.0;0.0;0.0;0;5;0;0;6
73;6.3;169;207;81.6;3136;752;61;72;84.7;83;93;89.2;23;30;76.7;0;1.1;0.8;-1.1;12;21;10;3;37
74;5.7;148;233;63.5;2935;739;52;61;85.2;75;105;71.4;19;46;41.3;0;0.2;0.5;-0.2;4;6;4;1;12
75;24.0;404;655;61.7;13644;11618;71;71;100.0;123;125;98.4;205;450;45.6;0;0.0;0.0;0.0;0;8;0;0;0
76;0.6;28;34;82.4;357;107;19;20;95.0;5;5;100.0;2;3;66.7;1;0.1;0.0;+0.9;1;1;0;0;0
77;19.9;318;436;72.9;4372;972;188;235;80.0;96;127;75.6;15;33;45.5;1;1.2;1.5;-0.2;12;33;12;0;48
78;18.0;629;809;77.8;13505;5758;179;204;87.7;350;391;89.5;96;189;50.8;1;0.5;0.5;+0.5;5;74;5;0;58
79;20.1;530;791;67.0;9609;3119;244;296;82.4;196;265;74.0;78;176;44.3;4;3.7;3.7;+0.3;45;47;24;19;71
80;0.8;20;29;69.0;355;49;7;9;77.8;11;14;78.6;1;3;33.3;0;0.0;0.0;0.0;0;0;0;0;0
81;1.8;35;43;81.4;544;88;16;17;94.1;16;21;76.2;1;2;50.0;0;0.0;0.0;0.0;1;4;1;0;5
82;16.8;191;272;70.2;2702;494;110;142;77.5;54;88;61.4;11;15;73.3;0;1.3;1.2;-1.3;17;14;7;2;27
83;7.8;130;198;65.7;2045;660;74;90;82.2;46;64;71.9;9;26;34.6;0;0.5;0.9;-0.5;9;13;8;4;17
84;15.9;602;702;85.8;12466;4835;172;200;86.0;333;372;89.5;90;119;75.6;0;1.0;0.8;-1.0;5;35;3;0;40
85;19.0;806;946;85.2;13477;3697;387;439;88.2;328;364;90.1;73;93;78.5;2;1.3;1.4;+0.7;22;103;24;4;125
86;15.4;373;541;68.9;6213;2076;197;231;85.3;136;182;74.7;32;92;34.8;3;2.1;2.7;+0.9;25;52;17;7;80
87;17.0;517;693;74.6;8721;3934;246;281;87.5;217;283;76.7;42;93;45.2;0;0.9;0.6;-0.9;11;41;10;6;54
88;17.1;281;418;67.2;4025;876;168;216;77.8;94;128;73.4;11;26;42.3;3;3.0;1.6;0.0;25;22;13;4;37
89;5.5;178;220;80.9;4013;1545;50;58;86.2;88;94;93.6;39;66;59.1;0;0.0;0.1;0.0;0;11;0;0;14
90;5.5;83;109;76.1;1307;237;37;48;77.1;33;38;86.8;7;11;63.6;0;0.2;0.1;-0.2;2;10;3;0;12
91;1.9;93;104;89.4;2150;713;16;19;84.2;59;63;93.7;18;22;81.8;0;0.0;0.0;0.0;1;8;0;0;8
92;8.0;242;320;75.6;3677;1082;133;162;82.1;87;111;78.4;14;27;51.9;1;1.4;1.4;-0.4;15;19;13;4;34
93;17.5;660;844;78.2;13872;4501;274;306;89.5;236;270;87.4;138;229;60.3;6;2.9;3.0;+3.1;38;113;24;2;137
94;20.8;799;944;84.6;16895;7102;220;253;87.0;450;500;90.0;119;167;71.3;1;0.3;0.4;+0.7;4;46;2;1;49
95;0.3;19;21;90.5;469;127;3;4;75.0;10;10;100.0;6;7;85.7;0;0.0;0.0;0.0;0;8;0;0;7
96;16.1;610;726;84.0;11251;4500;237;257;92.2;314;356;88.2;52;87;59.8;0;0.1;0.2;-0.1;1;23;1;1;34
97;5.8;71;100;71.0;1049;143;38;46;82.6;22;31;71.0;6;10;60.0;0;0.4;0.3;-0.4;7;6;3;1;8
98;7.2;280;340;82.4;5172;1643;108;123;87.8;141;159;88.7;27;49;55.1;0;0.3;0.2;-0.3;5;29;1;0;39
99;11.0;325;441;73.7;5677;1966;153;171;89.5;128;165;77.6;34;72;47.2;0;0.9;1.0;-0.9;9;29;10;3;29
100;0.1;2;3;66.7;37;11;0;0;;2;2;100.0;0;0;;0;0.0;0.0;0.0;0;1;0;0;1
101;0.1;3;5;60.0;48;0;2;3;66.7;1;2;50.0;0;0;;0;0.1;0.0;-0.1;1;0;0;0;0
102;13.2;444;554;80.1;8075;2313;199;233;85.4;180;208;86.5;53;85;62.4;3;2.2;2.7;+0.8;22;52;30;7;84
103;22.0;593;813;72.9;9740;4624;320;368;87.0;213;287;74.2;47;110;42.7;2;2.4;1.5;-0.4;21;40;17;9;61
104;21.1;419;654;64.1;6146;2014;245;327;74.9;130;205;63.4;22;50;44.0;2;3.2;3.0;-1.2;31;38;25;6;71
105;8.0;199;273;72.9;6615;5157;22;23;95.7;88;89;98.9;88;159;55.3;0;0.0;0.0;0.0;0;5;0;0;0
106;0.7;23;30;76.7;526;105;6;8;75.0;10;11;90.9;6;8;75.0;0;0.3;0.4;-0.3;2;3;1;1;2
107;15.4;903;1047;86.2;17487;5152;332;367;90.5;439;479;91.6;117;158;74.1;2;1.3;2.1;+0.7;21;119;19;6;147
108;7.8;94;149;63.1;1502;300;43;65;66.2;35;56;62.5;9;13;69.2;1;0.4;0.4;+0.6;7;10;1;0;19
109;0.6;19;34;55.9;327;86;9;13;69.2;8;12;66.7;2;6;33.3;0;0.1;0.2;-0.1;1;2;1;0;4
110;1.2;39;47;83.0;715;210;18;21;85.7;16;19;84.2;4;6;66.7;0;0.0;0.0;0.0;1;3;0;0;2
111;3.0;150;203;73.9;2831;1041;54;60;90.0;71;89;79.8;18;42;42.9;0;0.3;0.7;-0.3;8;29;6;0;38
112;14.9;493;648;76.1;8039;3142;255;290;87.9;188;247;76.1;39;72;54.2;1;2.5;2.0;-1.5;25;49;24;16;56
113;2.4;51;69;73.9;717;216;29;34;85.3;16;20;80.0;3;4;75.0;2;0.7;0.6;+1.3;8;3;2;0;6
114;7.6;326;407;80.1;6005;2790;137;156;87.8;152;175;86.9;36;63;57.1;0;0.2;0.2;-0.2;5;26;4;3;28
115;0.7;12;18;66.7;217;38;5;8;62.5;4;6;66.7;2;2;100.0;0;0.1;0.1;-0.1;2;1;0;0;0
116;0.4;7;10;70.0;146;40;3;4;75.0;2;2;100.0;2;2;100.0;0;0.1;0.0;-0.1;1;2;0;0;3
117;4.3;195;233;83.7;4233;1648;51;52;98.1;111;127;87.4;32;51;62.7;0;0.1;0.1;-0.1;3;18;1;1;23
118;3.3;69;90;76.7;1412;496;17;23;73.9;45;51;88.2;7;15;46.7;0;0.0;0.1;0.0;1;1;0;0;6
119;20.0;842;952;88.4;14287;4556;428;475;90.1;314;340;92.4;80;98;81.6;0;0.5;0.5;-0.5;12;69;4;0;90
120;2.0;51;69;73.9;1173;466;10;12;83.3;30;35;85.7;10;20;50.0;0;0.0;0.0;0.0;0;3;0;0;3
121;2.1;58;68;85.3;840;285;34;36;94.4;19;21;90.5;2;5;40.0;0;0.0;0.0;0.0;0;2;0;0;2
122;10.3;262;376;69.7;4229;1659;135;153;88.2;100;142;70.4;19;52;36.5;0;0.5;0.5;-0.5;3;16;6;5;28
123;0.1;4;6;66.7;49;2;3;3;100.0;1;3;33.3;0;0;;0;0.0;0.0;0.0;0;0;0;0;0
124;21.5;1055;1295;81.5;21052;7255;381;437;87.2;496;566;87.6;160;245;65.3;4;2.3;2.4;+1.7;39;167;9;2;175
125;21.2;684;954;71.7;12434;4882;305;362;84.3;293;385;76.1;79;157;50.3;3;2.3;1.6;+0.7;21;54;13;10;55
126;20.3;634;797;79.5;12018;5137;237;272;87.1;317;365;86.8;71;132;53.8;2;0.2;0.3;+1.8;4;56;7;4;62
127;3.5;37;48;77.1;507;45;23;26;88.5;13;17;76.5;0;1;0.0;0;0.1;0.1;-0.1;2;1;1;0;1
128;7.9;197;268;73.5;3152;970;94;109;86.2;75;96;78.1;15;33;45.5;0;0.7;0.8;-0.7;11;28;6;1;29
129;17.0;523;739;70.8;8851;3958;246;288;85.4;216;310;69.7;48;100;48.0;1;0.4;0.8;+0.6;9;59;13;3;71
130;3.7;112;166;67.5;1966;927;56;65;86.2;33;45;73.3;19;41;46.3;0;1.0;0.8;-1.0;13;16;6;2;14
131;12.0;246;307;80.1;6390;4599;56;56;100.0;121;125;96.8;67;123;54.5;0;0.0;0.0;0.0;0;3;0;0;0
132;0.0;1;3;33.3;23;20;0;0;;1;2;50.0;0;1;0.0;0;0.0;0.0;0.0;0;0;0;0;0
133;13.5;425;523;81.3;6579;1863;232;265;87.5;154;178;86.5;27;46;58.7;3;1.8;2.1;+1.2;17;38;17;3;63
134;1.0;40;47;85.1;475;62;32;37;86.5;5;6;83.3;1;2;50.0;0;0.0;0.0;0.0;0;3;0;0;2
135;23.0;579;769;75.3;17592;13131;87;87;100.0;277;280;98.9;213;399;53.4;0;0.0;0.0;0.0;0;10;0;0;0
136;14.5;469;631;74.3;8494;3896;213;233;91.4;199;256;77.7;55;120;45.8;1;0.5;0.5;+0.5;5;46;8;7;51
137;0.9;25;42;59.5;394;75;13;16;81.3;10;18;55.6;2;7;28.6;0;0.0;0.2;0.0;0;1;1;1;0
138;12.0;437;515;84.9;8500;2249;153;179;85.5;226;251;90.0;52;67;77.6;0;0.1;0.1;-0.1;6;41;0;0;50
139;3.3;92;117;78.6;1434;365;53;59;89.8;28;33;84.8;7;11;63.6;0;0.0;0.2;0.0;1;12;0;0;13
140;0.2;11;14;78.6;135;51;8;9;88.9;3;3;100.0;0;1;0.0;0;0.0;0.0;0.0;0;0;0;0;0
141;15.8;365;542;67.3;6371;1729;174;217;80.2;126;175;72.0;51;106;48.1;3;3.4;3.2;-0.4;37;34;27;7;64
142;24.0;813;1046;77.7;17673;8466;255;297;85.9;413;467;88.4;142;259;54.8;2;1.8;1.4;+0.2;16;67;10;3;66
143;0.2;4;5;80.0;82;9;2;2;100.0;1;1;100.0;1;1;100.0;0;0.0;0.0;0.0;0;0;0;0;0
144;16.2;346;451;76.7;5683;1320;184;215;85.6;131;169;77.5;27;49;55.1;1;2.5;2.2;-1.5;24;26;13;1;43
145;8.2;125;198;63.1;1874;444;69;104;66.3;40;55;72.7;7;13;53.8;0;0.8;0.3;-0.8;12;12;8;2;19
146;20.1;170;275;61.8;2484;322;108;142;76.1;42;77;54.5;12;21;57.1;2;1.2;0.6;+0.8;9;9;2;0;10
147;19.4;790;1038;76.1;15783;7291;286;325;88.0;364;444;82.0;127;227;55.9;0;0.5;0.7;-0.5;13;61;11;5;68
148;12.4;326;504;64.7;5813;3102;146;166;88.0;143;204;70.1;32;110;29.1;0;0.2;0.3;-0.2;5;39;9;3;48
149;14.4;199;307;64.8;3026;682;113;152;74.3;63;95;66.3;14;26;53.8;1;0.9;1.1;+0.1;13;12;8;4;15
150;3.0;104;136;76.5;1809;492;49;62;79.0;39;47;83.0;13;20;65.0;1;0.4;0.4;+0.6;7;8;1;0;15
151;0.7;10;14;71.4;139;70;5;5;100.0;4;7;57.1;0;1;0.0;0;0.0;0.0;0.0;1;2;0;0;2
152;1.9;38;47;80.9;519;123;25;29;86.2;11;12;91.7;2;3;66.7;0;0.0;0.1;0.0;1;1;1;0;4
153;15.4;600;696;86.2;11625;4570;192;211;91.0;338;363;93.1;60;96;62.5;0;0.1;0.2;-0.1;4;34;3;3;48
154;1.8;43;60;71.7;746;247;20;27;74.1;21;25;84.0;2;5;40.0;0;0.2;0.1;-0.2;5;6;3;1;13
155;5.1;102;154;66.2;1977;1014;36;40;90.0;56;68;82.4;10;43;23.3;0;0.0;0.0;0.0;0;6;0;0;8
156;5.4;354;397;89.2;6146;1680;158;170;92.9;148;164;90.2;37;49;75.5;0;0.2;0.3;-0.2;3;51;4;0;46
157;14.3;437;569;76.8;7212;2488;212;258;82.2;165;204;80.9;42;65;64.6;1;0.5;0.5;+0.5;3;35;4;0;46
158;21.6;775;988;78.4;14013;3575;343;385;89.1;305;369;82.7;103;170;60.6;6;3.6;3.6;+2.4;47;81;19;6;119
159;8.1;223;300;74.3;3486;1125;125;160;78.1;70;81;86.4;19;33;57.6;2;1.8;1.6;+0.2;18;22;8;1;39
160;3.0;131;162;80.9;2305;692;65;73;89.0;53;60;88.3;13;22;59.1;0;0.3;0.4;-0.3;2;8;4;1;17
161;1.2;38;52;73.1;655;324;22;23;95.7;9;13;69.2;7;13;53.8;0;0.0;0.1;0.0;2;6;2;0;11
162;2.0;79;99;79.8;1334;503;41;42;97.6;31;38;81.6;7;17;41.2;0;0.1;0.3;-0.1;4;9;3;0;11
163;6.6;178;237;75.1;3084;1084;80;102;78.4;78;93;83.9;16;32;50.0;0;0.1;0.3;-0.1;3;13;4;0;21
164;4.0;43;77;55.8;693;128;19;28;67.9;19;28;67.9;3;5;60.0;0;0.1;0.1;-0.1;2;3;1;0;7
165;17.9;627;853;73.5;9339;2822;366;438;83.6;185;265;69.8;50;80;62.5;2;5.5;5.7;-3.5;49;38;46;23;86
166;11.7;369;490;75.3;5969;1769;188;220;85.5;150;185;81.1;22;46;47.8;3;1.5;1.4;+1.5;20;21;10;3;39
167;12.5;405;475;85.3;7862;2131;145;168;86.3;213;236;90.3;44;58;75.9;1;0.9;0.8;+0.1;9;47;5;0;66
168;15.2;571;699;81.7;11379;4047;191;212;90.1;303;357;84.9;71;111;64.0;1;0.7;0.9;+0.3;12;28;8;3;40
169;2.5;77;112;68.8;1385;424;39;43;90.7;28;41;68.3;9;24;37.5;0;0.1;0.1;-0.1;1;5;1;1;8
170;1.6;24;34;70.6;315;66;16;22;72.7;7;7;100.0;0;2;0.0;0;0.2;0.5;-0.2;1;1;1;0;1
171;5.5;49;80;61.3;763;159;28;35;80.0;14;28;50.0;5;9;55.6;1;0.4;0.4;+0.6;5;5;1;0;5
172;7.0;237;315;75.2;3797;918;120;141;85.1;93;111;83.8;17;42;40.5;1;1.0;1.4;0.0;13;30;10;3;34
173;0.6;26;37;70.3;392;174;16;21;76.2;8;13;61.5;2;3;66.7;0;0.0;0.0;0.0;0;2;0;0;0
174;9.2;383;460;83.3;6123;1442;202;227;89.0;138;153;90.2;31;57;54.4;1;0.8;1.1;+0.2;19;23;18;4;50
175;20.5;290;427;67.9;4720;831;143;195;73.3;105;147;71.4;26;40;65.0;3;2.3;1.9;+0.7;19;22;8;2;42
176;17.1;760;1049;72.4;15822;5089;305;364;83.8;272;339;80.2;159;290;54.8;7;6.2;6.5;+0.8;63;105;42;13;120
177;9.0;299;366;81.7;7044;2912;65;71;91.5;162;179;90.5;71;105;67.6;0;0.0;0.2;0.0;0;29;4;0;31
178;15.4;714;884;80.8;11421;5153;411;441;93.2;228;300;76.0;58;99;58.6;1;1.3;2.0;-0.3;19;52;27;19;64
179;13.8;372;480;77.5;7877;3556;113;130;86.9;204;231;88.3;52;104;50.0;0;0.3;0.5;-0.3;1;30;0;0;29
180;0.8;47;51;92.2;1132;375;4;5;80.0;34;35;97.1;9;11;81.8;0;0.0;0.0;0.0;1;0;1;1;2
181;17.4;528;728;72.5;8923;3636;272;312;87.2;198;269;73.6;47;100;47.0;3;1.5;1.3;+1.5;19;47;21;11;55
182;20.0;1389;1544;90.0;26232;7977;592;633;93.5;591;647;91.3;184;229;80.3;5;2.2;2.9;+2.8;24;221;27;2;246
183;3.6;29;55;52.7;394;120;16;21;76.2;7;13;53.8;1;6;16.7;0;0.0;0.0;0.0;1;4;0;0;5
184;1.5;32;58;55.2;589;318;9;17;52.9;19;28;67.9;3;10;30.0;0;0.0;0.0;0.0;0;1;0;0;2
185;8.8;231;297;77.8;3790;874;124;147;84.4;73;88;83.0;24;38;63.2;2;1.7;1.6;+0.3;21;19;11;1;30
186;7.4;264;320;82.5;6097;2365;56;63;88.9;155;178;87.1;53;75;70.7;1;0.1;0.4;+0.9;2;16;1;0;20
187;22.5;909;1137;79.9;20950;7391;194;226;85.8;532;584;91.1;178;306;58.2;0;0.2;0.5;-0.2;5;75;7;0;74
188;20.8;738;914;80.7;16567;7630;167;193;86.5;424;485;87.4;141;216;65.3;0;0.3;0.2;-0.3;9;53;0;0;85
189;2.1;88;108;81.5;1761;677;24;26;92.3;56;66;84.8;7;14;50.0;0;0.3;0.1;-0.3;2;2;2;0;10
190;9.8;316;410;77.1;4950;1298;172;182;94.5;105;132;79.5;24;59;40.7;2;1.3;1.9;+0.7;17;25;13;9;26
191;11.4;490;606;80.9;10248;3971;133;147;90.5;283;316;89.6;73;130;56.2;0;0.0;0.2;0.0;1;33;3;0;53
192;13.2;194;283;68.6;3027;548;95;131;72.5;84;105;80.0;10;23;43.5;3;1.9;2.4;+1.1;19;15;8;2;20
193;12.1;203;303;67.0;2694;451;117;152;77.0;49;77;63.6;10;16;62.5;1;0.8;0.8;+0.2;13;20;4;0;23
194;0.1;1;1;100.0;12;0;1;1;100.0;0;0;;0;0;;0;0.0;0.0;0.0;0;0;0;0;0
195;10.7;326;420;77.6;6499;2591;108;126;85.7;170;201;84.6;46;82;56.1;0;0.2;0.2;-0.2;2;15;1;1;18
196;15.3;463;654;70.8;8169;2924;211;254;83.1;198;263;75.3;45;101;44.6;3;3.4;2.0;-0.4;29;29;13;6;43
197;5.3;290;340;85.3;5209;1542;121;128;94.5;140;155;90.3;25;42;59.5;0;0.3;0.5;-0.3;6;20;8;2;28
198;17.0;581;821;70.8;12276;4843;190;223;85.2;274;373;73.5;113;197;57.4;2;1.0;1.3;+1.0;15;53;22;10;56
199;5.9;219;259;84.6;4318;914;78;87;89.7;99;112;88.4;38;50;76.0;0;0.2;0.3;-0.2;5;27;3;0;26
200;0.2;12;16;75.0;127;34;10;11;90.9;1;2;50.0;0;0;;0;0.0;0.0;0.0;1;1;2;0;2
201;0.1;2;2;100.0;21;0;2;2;100.0;0;0;;0;0;;0;0.0;0.0;0.0;0;0;0;0;0
202;0.2;18;18;100.0;443;108;3;3;100.0;11;11;100.0;4;4;100.0;0;0.0;0.0;0.0;0;0;0;0;2
203;0.2;5;7;71.4;73;19;3;3;100.0;2;2;100.0;0;1;0.0;0;0.0;0.0;0.0;0;0;0;0;0
204;2.0;35;52;67.3;808;298;14;18;77.8;12;18;66.7;9;15;60.0;0;0.0;0.0;0.0;0;2;0;0;3
205;2.4;;;;;;;;;;;;;;;2;;;;;;;;
206;4.6;168;211;79.6;3014;954;69;75;92.0;77;88;87.5;17;34;50.0;0;0.3;0.5;-0.3;6;30;6;2;34
207;9.1;289;394;73.4;5014;1613;127;144;88.2;118;142;83.1;32;73;43.8;0;1.1;1.3;-1.1;16;36;5;2;37
208;9.1;237;361;65.7;4283;1751;104;121;86.0;103;145;71.0;26;78;33.3;0;0.2;0.3;-0.2;4;13;5;3;22
209;16.6;328;493;66.5;6063;2289;146;176;83.0;120;161;74.5;50;105;47.6;2;2.4;3.3;-0.4;34;24;23;18;32
210;7.8;370;474;78.1;5711;2156;201;227;88.5;128;163;78.5;25;49;51.0;1;0.8;1.1;+0.2;10;29;9;3;39
211;23.5;428;566;75.6;7514;1320;227;264;86.0;136;181;75.1;54;83;65.1;3;2.6;1.4;+0.4;25;40;10;1;51
212;16.6;224;353;63.5;3531;621;117;168;69.6;72;104;69.2;21;37;56.8;2;1.9;1.1;+0.1;16;25;6;1;29
213;4.5;56;95;58.9;785;191;31;46;67.4;21;29;72.4;1;7;14.3;0;0.5;0.1;-0.5;6;7;2;0;8
214;6.0;226;325;69.5;3892;1922;108;132;81.8;100;138;72.5;17;42;40.5;0;0.1;0.3;-0.1;3;31;5;4;34
215;1.2;74;84;88.1;1694;588;16;18;88.9;42;46;91.3;16;20;80.0;1;0.6;0.3;+0.4;2;3;1;1;4
216;3.9;105;135;77.8;1663;380;55;61;90.2;40;48;83.3;6;16;37.5;0;0.0;0.1;0.0;1;9;1;0;14
217;0.0;0;0;;0;0;0;0;;0;0;;0;0;;0;0.0;0.0;0.0;0;0;0;0;0
218;7.6;202;254;79.5;2639;863;123;139;88.5;55;69;79.7;10;17;58.8;1;0.2;0.3;+0.8;6;30;7;2;39
219;16.8;455;638;71.3;8003;2670;233;270;86.3;142;195;72.8;67;130;51.5;6;3.9;3.7;+2.1;43;50;15;2;80
220;0.8;42;51;82.4;544;78;28;31;90.3;13;17;76.5;0;1;0.0;0;0.0;0.1;0.0;0;4;1;1;2
221;0.2;6;9;66.7;137;32;3;3;100.0;2;2;100.0;1;4;25.0;0;0.0;0.0;0.0;0;0;0;0;1
222;6.0;148;230;64.3;4548;3560;28;29;96.6;53;53;100.0;67;147;45.6;0;0.0;0.0;0.0;0;4;0;0;0
223;13.8;160;241;66.4;2225;348;100;130;76.9;45;74;60.8;8;14;57.1;1;0.5;0.3;+0.5;7;11;5;1;17
224;0.1;4;6;66.7;77;54;1;1;100.0;2;4;50.0;1;1;100.0;1;0.0;0.0;+1.0;1;0;2;0;2
225;9.1;198;277;71.5;2904;859;133;148;89.9;49;75;65.3;11;26;42.3;1;1.1;0.8;-0.1;12;9;8;2;22
226;4.1;36;56;64.3;433;88;20;26;76.9;11;19;57.9;1;2;50.0;0;0.2;0.1;-0.2;4;1;0;0;2
227;1.0;15;17;88.2;205;24;12;13;92.3;2;2;100.0;1;1;100.0;0;0.0;0.0;0.0;0;0;0;0;1
228;0.2;2;3;66.7;33;10;1;1;100.0;1;1;100.0;0;1;0.0;0;0.0;0.0;0.0;0;1;0;0;1
229;15.3;739;948;78.0;12487;4780;372;429;86.7;277;329;84.2;68;124;54.8;5;2.2;1.8;+2.8;32;96;21;1;133
230;6.1;269;358;75.1;4277;1261;153;175;87.4;83;110;75.5;24;54;44.4;2;2.1;1.7;-0.1;13;25;11;5;36
231;16.1;470;627;75.0;8223;3373;233;261;89.3;182;240;75.8;49;97;50.5;1;0.6;1.1;+0.4;8;40;5;2;59
232;0.8;43;50;86.0;711;183;20;22;90.9;17;19;89.5;6;8;75.0;0;0.2;0.2;-0.2;1;9;2;0;6
233;19.4;704;885;79.5;13199;4458;281;321;87.5;304;355;85.6;89;161;55.3;2;1.3;1.1;+0.7;15;101;12;3;98
234;7.3;262;309;84.8;5017;2179;100;110;90.9;129;139;92.8;30;53;56.6;0;0.0;0.0;0.0;0;14;0;0;17
235;11.0;317;401;79.1;6325;2376;101;113;89.4;170;194;87.6;41;80;51.3;0;0.2;0.2;-0.2;5;21;2;2;22
236;3.1;128;152;84.2;2036;467;57;63;90.5;51;57;89.5;9;13;69.2;0;0.1;0.1;-0.1;3;15;3;1;13
237;1.7;53;77;68.8;868;443;26;33;78.8;26;31;83.9;1;9;11.1;0;0.4;0.4;-0.4;2;6;2;2;4
238;6.5;178;235;75.7;3247;1258;81;94;86.2;70;93;75.3;26;41;63.4;0;0.1;0.2;-0.1;2;15;6;4;15
239;2.0;53;67;79.1;1506;1136;12;12;100.0;26;26;100.0;15;29;51.7;0;0.0;0.0;0.0;0;1;0;0;0
240;5.5;156;217;71.9;4478;3451;32;32;100.0;77;77;100.0;47;108;43.5;0;0.0;0.0;0.0;1;4;0;0;0
241;4.8;229;276;83.0;4100;1494;95;105;90.5;109;129;84.5;21;31;67.7;0;0.0;0.0;0.0;1;14;0;0;12
242;1.8;85;112;75.9;1699;876;33;35;94.3;38;48;79.2;14;24;58.3;0;0.0;0.3;0.0;0;10;1;0;8
243;23.0;580;771;75.2;15957;11868;133;133;100.0;237;244;97.1;208;390;53.3;0;0.0;0.0;0.0;1;8;0;0;0
244;9.5;254;360;70.6;4369;1200;123;155;79.4;91;118;77.1;31;55;56.4;1;1.0;0.8;0.0;22;27;9;3;51
245;15.5;405;520;77.9;7598;2972;150;173;86.7;203;240;84.6;44;83;53.0;0;0.0;0.1;0.0;0;15;0;0;27
246;3.8;127;182;69.8;2294;697;70;81;86.4;30;42;71.4;23;48;47.9;1;1.0;0.5;0.0;10;26;4;3;21
247;3.6;82;115;71.3;1642;730;31;35;88.6;40;48;83.3;9;23;39.1;1;0.1;0.1;+0.9;2;3;0;0;5
248;14.1;151;217;69.6;2299;399;81;106;76.4;56;70;80.0;8;17;47.1;0;0.8;0.7;-0.8;14;12;5;0;17
249;0.1;2;3;66.7;15;8;2;2;100.0;0;1;0.0;0;0;;0;0.0;0.0;0.0;0;0;0;0;0
250;2.4;90;131;68.7;1711;526;41;49;83.7;33;47;70.2;15;31;48.4;0;1.2;1.2;-1.2;10;8;5;0;12
251;3.0;40;52;76.9;588;110;23;30;76.7;12;16;75.0;3;4;75.0;0;0.0;0.1;0.0;3;5;1;0;4
252;9.2;225;320;70.3;3301;803;133;159;83.6;64;91;70.3;15;32;46.9;1;1.3;1.4;-0.3;13;11;9;4;19
253;0.6;16;22;72.7;204;86;12;15;80.0;2;4;50.0;2;3;66.7;0;0.1;0.1;-0.1;2;0;2;2;0
254;16.0;291;397;73.3;4355;1138;171;202;84.7;90;117;76.9;18;39;46.2;2;2.9;2.1;-0.9;18;30;9;2;43
255;12.4;480;579;82.9;8607;2826;206;240;85.8;210;237;88.6;56;79;70.9;2;0.7;0.6;+1.3;13;70;7;1;71
256;5.9;114;147;77.6;1869;365;60;65;92.3;43;50;86.0;8;17;47.1;2;0.8;0.7;+1.2;6;7;4;0;8
257;8.6;199;257;77.4;3274;782;94;111;84.7;82;95;86.3;17;29;58.6;2;1.5;1.6;+0.5;13;11;13;6;23
258;23.0;1195;1368;87.4;26553;9783;301;324;92.9;673;719;93.6;213;300;71.0;0;0.1;0.4;-0.1;2;98;1;0;88
259;9.1;371;490;75.7;5341;2139;221;243;90.9;123;163;75.5;15;42;35.7;2;1.4;1.4;+0.6;7;30;9;7;31
260;16.7;495;684;72.4;8125;2526;271;317;85.5;151;211;71.6;50;91;54.9;7;5.0;4.1;+2.0;47;54;29;11;69
261;16.3;237;322;73.6;3612;559;128;154;83.1;91;116;78.4;11;20;55.0;0;1.3;0.9;-1.3;23;19;7;1;23
262;2.2;40;49;81.6;548;106;24;25;96.0;13;17;76.5;1;5;20.0;0;0.0;0.0;0.0;0;1;0;0;1
263;0.8;27;36;75.0;400;101;11;14;78.6;13;17;76.5;1;1;100.0;0;0.0;0.0;0.0;0;2;0;0;2
264;6.5;145;227;63.9;2335;988;79;102;77.5;46;71;64.8;14;34;41.2;1;1.5;1.2;-0.5;11;18;7;2;33
265;4.5;83;114;72.8;1300;270;47;52;90.4;27;35;77.1;5;9;55.6;0;0.2;0.3;-0.2;3;7;0;0;7
266;21.0;262;390;67.2;4470;884;136;186;73.1;89;119;74.8;31;45;68.9;3;1.5;1.0;+1.5;24;27;6;0;33
267;0.4;9;13;69.2;136;33;5;6;83.3;3;4;75.0;1;1;100.0;0;0.0;0.0;0.0;0;1;0;0;0
268;9.8;296;363;81.5;5210;1442;134;147;91.2;124;148;83.8;30;49;61.2;0;0.1;0.1;-0.1;4;38;1;1;37
269;21.0;862;997;86.5;15721;4586;347;367;94.6;408;448;91.1;88;135;65.2;1;0.5;0.7;+0.5;14;114;6;3;124
270;20.5;512;644;79.5;10391;5028;173;193;89.6;251;289;86.9;83;146;56.8;1;0.3;0.1;+0.7;3;21;2;0;29
271;20.6;774;1064;72.7;13336;6190;334;390;85.6;371;472;78.6;58;147;39.5;1;0.8;0.9;+0.2;16;82;14;10;95
272;14.0;480;636;75.5;9533;4608;180;205;87.8;237;290;81.7;60;116;51.7;1;0.6;0.9;+0.4;8;42;7;3;54
273;2.4;;;;;;;;;;;;;;;0;;;;;;;;
274;6.6;;;;;;;;;;;;;;;0;;;;;;;;
275;19.4;785;882;89.0;13785;4319;348;370;94.1;359;396;90.7;67;95;70.5;1;0.2;0.4;+0.8;5;65;4;1;78
276;2.4;45;70;64.3;584;88;29;40;72.5;14;25;56.0;0;1;0.0;0;0.5;0.1;-0.5;5;5;1;0;4
277;0.5;9;10;90.0;151;48;5;5;100.0;4;4;100.0;0;1;0.0;0;0.0;0.0;0.0;0;0;0;0;2
278;3.0;87;121;71.9;1616;677;40;43;93.0;34;47;72.3;13;26;50.0;0;0.0;0.0;0.0;0;3;0;0;7
279;8.0;180;224;80.4;4953;3943;44;44;100.0;79;79;100.0;54;96;56.3;0;0.0;0.0;0.0;0;1;0;0;0
280;23.0;380;589;64.5;11655;8686;57;57;100.0;192;194;99.0;129;333;38.7;0;0.1;0.0;-0.1;1;10;0;0;0
281;18.6;565;685;82.5;10378;3350;218;260;83.8;283;318;89.0;55;79;69.6;0;0.4;0.5;-0.4;9;69;6;1;78
282;4.4;146;185;78.9;2221;836;87;96;90.6;49;64;76.6;7;13;53.8;0;0.6;0.7;-0.6;2;7;0;0;12
283;15.0;330;420;78.6;9726;7506;36;36;100.0;182;183;99.5;112;199;56.3;0;0.0;0.0;0.0;1;3;0;0;0
284;9.7;457;571;80.0;8114;3705;202;221;91.4;189;226;83.6;53;98;54.1;0;0.1;0.2;-0.1;2;53;6;0;53
285;0.3;4;8;50.0;62;41;2;3;66.7;2;2;100.0;0;0;;1;0.1;0.1;+0.9;1;0;2;1;2
286;17.3;626;732;85.5;9906;3054;326;368;88.6;250;281;89.0;34;54;63.0;0;0.2;0.5;-0.2;7;45;6;1;68
287;8.0;157;209;75.1;3718;1396;32;35;91.4;88;99;88.9;35;66;53.0;0;0.0;0.0;0.0;0;8;0;0;4
288;5.5;81;141;57.4;1705;525;31;44;70.5;27;44;61.4;22;44;50.0;1;0.7;0.5;+0.3;11;3;4;4;4
289;10.0;177;296;59.8;5902;4690;29;29;100.0;83;85;97.6;65;182;35.7;0;0.0;0.0;0.0;0;6;0;0;0
290;1.0;33;42;78.6;447;79;21;22;95.5;9;14;64.3;2;4;50.0;1;0.7;0.2;+0.3;2;4;1;0;5
291;8.2;304;356;85.4;5706;1893;116;131;88.5;156;169;92.3;29;45;64.4;0;0.1;0.4;-0.1;3;37;1;0;38
292;9.4;161;208;77.4;2652;358;86;108;79.6;42;50;84.0;21;25;84.0;0;0.2;0.2;-0.2;5;10;2;1;15
293;1.0;44;55;80.0;726;152;21;24;87.5;14;20;70.0;5;5;100.0;0;0.0;0.2;0.0;1;5;1;0;6
294;6.8;147;215;68.4;2639;590;68;81;84.0;49;72;68.1;23;34;67.6;1;0.6;0.7;+0.4;7;5;8;5;20
295;17.6;627;836;75.0;11491;4452;293;331;88.5;245;327;74.9;79;146;54.1;3;1.0;1.1;+2.0;14;43;17;12;45
296;0.1;3;4;75.0;28;0;2;2;100.0;0;1;0.0;0;0;;0;0.0;0.0;0.0;0;0;0;0;0
297;9.5;398;533;74.7;7145;2444;198;219;90.4;146;187;78.1;48;107;44.9;6;2.9;2.7;+3.1;24;27;25;19;35
298;20.0;678;926;73.2;12231;4459;291;365;79.7;291;361;80.6;79;150;52.7;0;0.6;0.9;-0.6;11;69;6;1;88
299;4.8;66;86;76.7;696;134;46;57;80.7;11;14;78.6;0;1;0.0;0;0.1;0.2;-0.1;3;7;1;0;6
300;19.8;806;956;84.3;16536;6001;227;263;86.3;468;525;89.1;105;151;69.5;0;0.5;0.2;-0.5;6;66;2;0;68
301;17.3;673;792;85.0;12761;3566;251;281;89.3;330;360;91.7;79;113;69.9;1;0.5;0.6;+0.5;7;50;7;0;77
302;0.0;5;5;100.0;128;24;1;1;100.0;3;3;100.0;1;1;100.0;0;0.0;0.0;0.0;0;1;0;0;0
303;8.2;312;347;89.9;4872;1599;165;175;94.3;110;122;90.2;23;30;76.7;0;0.1;0.1;-0.1;3;34;2;0;20
304;0.3;16;22;72.7;258;89;9;12;75.0;4;7;57.1;2;2;100.0;0;0.0;0.0;0.0;0;4;0;0;2
305;5.2;151;200;75.5;2496;904;89;98;90.8;46;57;80.7;15;37;40.5;1;0.4;0.4;+0.6;4;11;7;4;9
306;6.3;237;300;79.0;4607;1235;102;109;93.6;93;112;83.0;37;59;62.7;0;0.5;0.7;-0.5;4;11;6;5;15
307;1.4;94;109;86.2;1827;589;37;39;94.9;44;51;86.3;13;17;76.5;0;0.2;0.1;-0.2;4;12;1;0;18
308;9.4;462;551;83.8;9428;3084;180;200;90.0;183;209;87.6;91;124;73.4;4;1.5;1.4;+2.5;29;81;5;0;82
309;16.2;526;660;79.7;12159;4677;105;129;81.4;313;359;87.2;107;155;69.0;0;0.4;0.9;-0.4;4;48;2;0;66
310;4.6;150;197;76.1;2788;623;64;80;80.0;59;68;86.8;20;31;64.5;3;1.7;1.9;+1.3;18;17;6;2;24
311;10.6;316;402;78.6;6046;1371;128;148;86.5;140;167;83.8;42;63;66.7;0;0.9;1.0;-0.9;13;36;8;3;50
312;6.8;209;266;78.6;3200;1465;120;135;88.9;63;82;76.8;18;30;60.0;1;0.8;0.2;+0.2;8;14;5;1;21
313;1.3;12;23;52.2;151;23;8;12;66.7;3;5;60.0;0;2;0.0;0;0.0;0.0;0.0;1;0;1;0;2
314;1.2;32;43;74.4;778;211;11;11;100.0;9;13;69.2;12;19;63.2;1;0.7;0.5;+0.3;3;4;2;1;2
315;2.6;95;130;73.1;2071;637;37;44;84.1;35;47;74.5;22;32;68.8;0;0.2;0.3;-0.2;6;15;5;0;20
316;0.2;2;3;66.7;11;0;1;1;100.0;0;0;;0;0;;0;0.0;0.0;0.0;0;0;0;0;0
317;1.1;33;44;75.0;530;298;19;22;86.4;11;15;73.3;2;6;33.3;0;0.0;0.0;0.0;0;3;0;0;4
318;15.2;474;616;76.9;9619;3925;172;201;85.6;233;280;83.2;67;125;53.6;1;0.5;0.5;+0.5;7;40;2;1;35
319;5.2;162;191;84.8;2906;712;73;84;86.9;66;71;93.0;19;24;79.2;0;0.1;0.1;-0.1;5;12;2;1;15
320;5.7;98;153;64.1;2184;664;37;44;84.1;36;51;70.6;24;46;52.2;0;0.3;0.5;-0.3;3;15;4;1;22
321;16.4;456;589;77.4;8392;2302;197;222;88.7;201;244;82.4;49;95;51.6;1;1.9;2.2;-0.9;23;60;8;1;68
322;3.6;121;157;77.1;1994;763;62;75;82.7;50;61;82.0;7;14;50.0;1;0.1;0.1;+0.9;1;7;2;0;14
323;17.0;502;675;74.4;16468;12167;36;36;100.0;256;259;98.8;210;377;55.7;0;0.0;0.1;0.0;0;14;1;0;0
324;0.1;3;5;60.0;37;1;1;1;100.0;1;2;50.0;0;0;;0;0.0;0.0;0.0;0;0;0;0;0
325;22.4;998;1281;77.9;19354;7092;398;445;89.4;445;516;86.2;140;266;52.6;5;3.6;3.9;+1.4;47;123;16;5;140
326;0.3;1;4;25.0;13;0;1;1;100.0;0;2;0.0;0;0;;0;0.0;0.0;0.0;0;0;0;0;0
327;0.9;14;23;60.9;319;221;3;8;37.5;7;8;87.5;4;6;66.7;0;0.0;0.0;0.0;0;0;0;0;0
328;13.1;177;265;66.8;3217;810;76;107;71.0;65;92;70.7;26;40;65.0;0;0.8;0.8;-0.8;14;19;8;1;31
329;0.5;23;31;74.2;421;100;8;9;88.9;10;13;76.9;3;5;60.0;0;0.0;0.0;0.0;0;0;0;0;1
330;0.2;6;6;100.0;85;53;4;4;100.0;2;2;100.0;0;0;;0;0.0;0.0;0.0;0;0;0;0;0
331;12.3;537;653;82.2;9555;2458;250;278;89.9;211;239;88.3;62;100;62.0;1;1.9;1.6;-0.9;17;46;6;3;60
332;18.7;269;353;76.2;3656;733;159;189;84.1;82;102;80.4;13;14;92.9;7;3.8;2.6;+3.2;36;17;16;1;37
333;2.0;42;84;50.0;743;255;18;30;60.0;17;30;56.7;5;13;38.5;0;0.2;0.2;-0.2;4;2;3;2;9
334;3.1;36;61;59.0;449;116;24;37;64.9;8;14;57.1;2;5;40.0;1;0.3;0.2;+0.7;3;4;1;0;5
335;6.2;191;271;70.5;4779;2181;40;50;80.0;99;119;83.2;50;97;51.5;0;0.0;0.2;0.0;1;20;2;0;23
336;5.5;88;109;80.7;1424;415;45;48;93.8;35;41;85.4;7;15;46.7;0;0.6;0.5;-0.6;4;9;6;1;11
337;9.6;209;267;78.3;3422;1257;103;108;95.4;88;114;77.2;15;36;41.7;0;0.2;0.1;-0.2;3;13;0;0;16
338;3.9;221;272;81.3;3786;892;103;114;90.4;93;110;84.5;17;33;51.5;1;0.4;0.4;+0.6;2;25;1;0;22
339;0.1;3;3;100.0;52;24;1;1;100.0;2;2;100.0;0;0;;0;0.0;0.0;0.0;0;0;0;0;0
340;1.3;26;34;76.5;416;149;14;16;87.5;10;12;83.3;2;5;40.0;0;0.0;0.1;0.0;0;2;2;2;2
341;3.2;111;139;79.9;1806;504;62;74;83.8;38;43;88.4;8;10;80.0;0;0.4;0.7;-0.4;5;7;9;0;23
342;1.1;13;15;86.7;167;9;7;9;77.8;4;4;100.0;0;0;;0;0.1;0.1;-0.1;2;0;0;0;1
343;0.1;3;3;100.0;54;4;1;1;100.0;2;2;100.0;0;0;;0;0.0;0.0;0.0;0;0;0;0;0
344;4.8;129;167;77.2;2344;1040;53;60;88.3;65;78;83.3;11;25;44.0;0;0.2;0.3;-0.2;3;10;4;2;14
345;3.2;118;164;72.0;1900;735;64;74;86.5;39;52;75.0;10;25;40.0;0;0.1;0.3;-0.1;1;15;3;0;19
346;14.8;379;517;73.3;5871;1430;205;247;83.0;137;173;79.2;21;42;50.0;2;1.0;1.1;+1.0;16;20;27;9;59
347;5.8;115;170;67.6;1853;513;58;65;89.2;46;64;71.9;8;16;50.0;0;0.3;0.5;-0.3;7;12;5;1;20
348;20.6;738;939;78.6;14233;5818;297;332;89.5;341;412;82.8;93;157;59.2;0;0.7;0.7;-0.7;11;50;11;6;53
349;12.3;464;547;84.8;7293;1764;262;291;90.0;147;171;86.0;37;54;68.5;4;1.7;1.8;+2.3;22;34;21;4;67
350;7.6;112;200;56.0;2074;534;60;80;75.0;35;69;50.7;14;28;50.0;0;0.3;0.7;-0.3;4;8;8;4;20
351;20.8;696;860;80.9;11296;2423;357;421;84.8;262;314;83.4;56;73;76.7;5;4.1;4.3;+0.9;35;54;37;5;88
352;14.3;352;434;81.1;5842;1962;163;187;87.2;147;180;81.7;27;43;62.8;1;0.6;0.5;+0.4;9;29;5;2;41
353;4.5;154;179;86.0;3019;930;51;62;82.3;83;86;96.5;20;27;74.1;0;0.0;0.0;0.0;0;2;0;0;4
354;2.8;42;63;66.7;515;109;29;37;78.4;10;16;62.5;0;1;0.0;0;0.0;0.3;0.0;1;4;3;1;5
355;15.5;422;617;68.4;7866;3123;184;230;80.0;176;219;80.4;55;121;45.5;4;3.5;3.4;+0.5;49;55;34;14;91
356;3.6;127;156;81.4;2389;762;44;52;84.6;70;77;90.9;13;25;52.0;0;0.2;0.2;-0.2;1;2;0;0;10
357;3.9;80;106;75.5;1355;379;38;46;82.6;36;45;80.0;6;11;54.5;0;0.5;0.1;-0.5;2;3;0;0;6
358;3.2;35;60;58.3;472;104;25;36;69.4;7;17;41.2;2;4;50.0;0;0.1;0.3;-0.1;3;2;2;1;5
359;3.4;73;102;71.6;991;234;40;50;80.0;21;29;72.4;4;7;57.1;2;0.7;0.9;+1.3;7;6;1;1;10
360;4.5;155;188;82.4;2871;857;62;70;88.6;70;81;86.4;19;33;57.6;0;0.7;0.8;-0.7;14;19;5;2;29
361;13.3;221;377;58.6;3607;1256;127;162;78.4;63;106;59.4;24;70;34.3;3;1.6;2.3;+1.4;20;20;18;11;33
362;8.6;276;354;78.0;6283;2650;71;79;89.9;154;182;84.6;50;85;58.8;0;0.3;0.4;-0.3;2;30;2;0;23
363;9.7;446;543;82.1;8373;2505;199;213;93.4;170;195;87.2;66;106;62.3;0;1.7;1.5;-1.7;21;34;19;3;64
364;0.3;9;9;100.0;191;88;3;3;100.0;5;5;100.0;1;1;100.0;0;0.0;0.0;0.0;0;0;0;0;2
365;2.8;38;48;79.2;674;112;17;17;100.0;16;19;84.2;5;6;83.3;0;0.2;0.2;-0.2;3;3;2;0;3
366;2.5;38;57;66.7;1057;833;4;4;100.0;24;24;100.0;10;27;37.0;0;0.0;0.0;0.0;0;0;0;0;0
367;16.1;634;738;85.9;11130;4926;281;299;94.0;290;317;91.5;54;107;50.5;0;0.5;0.4;-0.5;5;46;3;0;61
368;0.6;12;13;92.3;116;19;10;11;90.9;1;1;100.0;0;0;;0;0.0;0.0;0.0;0;1;0;0;2
369;8.6;218;282;77.3;2963;757;137;155;88.4;61;78;78.2;9;18;50.0;0;0.4;0.5;-0.4;11;17;4;0;23
370;5.3;155;217;71.4;2433;1204;86;92;93.5;49;81;60.5;13;29;44.8;2;0.9;1.3;+1.1;7;7;5;2;15
371;0.4;9;13;69.2;116;46;7;8;87.5;2;2;100.0;0;1;0.0;0;0.0;0.0;0.0;0;0;0;0;1
372;15.1;508;646;78.6;9205;2926;255;294;86.7;175;207;84.5;64;96;66.7;2;2.3;2.7;-0.3;20;50;24;9;79
373;20.0;969;1062;91.2;18496;6382;305;323;94.4;555;591;93.9;99;127;78.0;2;0.5;0.6;+1.5;10;45;7;1;44
374;11.8;417;585;71.3;7041;2930;228;260;87.7;143;213;67.1;41;89;46.1;0;0.8;1.0;-0.8;14;37;18;13;40
375;0.5;14;19;73.7;245;121;6;7;85.7;7;9;77.8;1;3;33.3;0;0.0;0.0;0.0;0;4;1;0;5
376;18.0;;;;;;;;;;;;;;;2;;;;;;;;
377;9.3;309;402;76.9;6679;3018;80;103;77.7;167;200;83.5;57;90;63.3;0;0.1;0.0;-0.1;2;17;0;0;17
378;10.3;118;202;58.4;1950;409;61;91;67.0;48;73;65.8;6;12;50.0;0;1.0;1.0;-1.0;8;16;3;0;21
379;4.2;58;84;69.0;844;132;28;39;71.8;24;30;80.0;1;4;25.0;0;0.1;0.1;-0.1;1;4;0;0;7
380;0.0;1;3;33.3;11;0;1;2;50.0;0;0;;0;0;;0;0.0;0.0;0.0;0;0;0;0;0
381;16.8;710;828;85.7;11305;2780;351;373;94.1;266;300;88.7;60;95;63.2;3;2.9;2.9;+0.1;33;60;22;0;84
382;20.4;763;895;85.3;15572;6003;218;238;91.6;449;497;90.3;92;144;63.9;1;0.8;0.5;+0.2;3;26;0;0;26
383;8.4;280;390;71.8;4979;2064;128;149;85.9;123;166;74.1;23;52;44.2;0;0.6;0.4;-0.6;4;22;2;2;34
384;6.6;90;136;66.2;1175;380;44;60;73.3;26;37;70.3;4;13;30.8;1;1.1;0.6;-0.1;8;10;3;0;12
385;16.0;355;480;74.0;11080;8603;44;44;100.0;174;176;98.9;136;256;53.1;0;0.0;0.0;0.0;0;7;0;0;0
386;14.2;468;544;86.0;11134;4711;104;115;90.4;256;282;90.8;105;141;74.5;0;0.1;0.1;-0.1;1;30;0;0;33
387;22.7;846;1178;71.8;16806;8191;313;363;86.2;401;526;76.2;122;250;48.8;4;2.3;2.0;+1.7;21;104;17;12;126
388;21.7;688;933;73.7;13344;6164;249;292;85.3;358;450;79.6;77;156;49.4;0;0.5;0.5;-0.5;11;62;9;3;74
389;0.3;7;11;63.6;80;11;5;7;71.4;1;2;50.0;0;1;0.0;0;0.0;0.0;0.0;1;0;0;0;1
390;0.2;1;2;50.0;7;0;1;2;50.0;0;0;;0;0;;0;0.0;0.0;0.0;0;0;0;0;0
391;4.3;62;76;81.6;812;96;44;52;84.6;12;14;85.7;3;4;75.0;0;0.3;0.2;-0.3;6;2;2;0;4
392;8.5;238;307;77.5;4975;1807;60;72;83.3;147;172;85.5;30;59;50.8;0;0.3;0.0;-0.3;1;19;0;0;23
393;17.0;434;601;72.2;12330;9703;96;97;99.0;196;199;98.5;142;302;47.0;0;0.0;0.0;0.0;1;7;0;0;0
394;13.6;431;572;75.3;7048;3384;230;252;91.3;156;204;76.5;36;92;39.1;5;1.7;0.8;+3.3;15;41;14;7;53
395;1.7;62;71;87.3;1105;392;29;29;100.0;27;32;84.4;6;9;66.7;0;0.1;0.3;-0.1;2;1;3;3;4
396;4.8;205;235;87.2;4087;1238;79;89;88.8;93;103;90.3;30;38;78.9;0;0.3;0.1;-0.3;5;21;0;0;21
397;6.4;269;307;87.6;5145;1647;81;88;92.0;170;179;95.0;17;33;51.5;1;0.3;0.3;+0.7;1;1;0;0;8
398;1.0;20;28;71.4;540;373;5;5;100.0;9;9;100.0;6;14;42.9;0;0.0;0.0;0.0;0;0;0;0;0
399;13.4;649;757;85.7;13979;6047;179;196;91.3;350;388;90.2;110;156;70.5;0;0.6;0.4;-0.6;3;59;2;1;67
400;16.5;558;675;82.7;10164;3663;228;258;88.4;274;312;87.8;50;82;61.0;1;0.4;0.6;+0.6;11;68;7;2;81
401;1.0;40;47;85.1;731;166;12;16;75.0;23;23;100.0;4;5;80.0;0;0.0;0.0;0.0;0;0;0;0;2
402;5.4;223;264;84.5;4971;1528;60;66;90.9;115;129;89.1;48;62;77.4;1;0.3;0.3;+0.7;3;23;3;1;24
403;16.5;626;788;79.4;14969;5815;140;164;85.4;338;382;88.5;144;227;63.4;2;0.1;0.4;+1.9;2;45;3;0;50
404;8.2;245;293;83.6;3509;1021;149;163;91.4;75;87;86.2;12;21;57.1;0;0.2;0.3;-0.2;6;21;3;1;24
405;5.4;163;202;80.7;2819;574;88;107;82.2;55;64;85.9;19;25;76.0;0;0.9;0.6;-0.9;9;15;9;5;24
406;1.2;27;43;62.8;472;253;16;21;76.2;7;13;53.8;4;6;66.7;0;0.0;0.0;0.0;0;3;0;0;3
407;5.0;186;233;79.8;3175;726;88;101;87.1;69;84;82.1;20;27;74.1;2;0.8;0.5;+1.2;11;16;10;1;30
408;0.7;30;34;88.2;513;193;16;17;94.1;11;12;91.7;3;3;100.0;0;0.0;0.0;0.0;0;3;0;0;2
409;2.5;68;84;81.0;926;220;37;43;86.0;25;29;86.2;2;4;50.0;0;0.0;0.1;0.0;1;8;2;0;11
410;6.6;195;255;76.5;3052;987;107;123;87.0;65;81;80.2;16;29;55.2;0;0.3;1.0;-0.3;8;23;5;1;23
411;0.2;6;8;75.0;67;7;4;5;80.0;1;2;50.0;0;0;;0;0.0;0.0;0.0;0;0;0;0;0
412;3.0;;;;;;;;;;;;;;;0;;;;;;;;
413;0.7;42;48;87.5;629;280;24;25;96.0;15;15;100.0;2;4;50.0;0;0.0;0.0;0.0;0;5;0;0;3
414;7.0;193;243;79.4;3581;1789;76;83;91.6;91;103;88.3;23;53;43.4;0;0.0;0.0;0.0;0;7;0;0;13
415;22.8;996;1173;84.9;17414;4869;413;471;87.7;474;533;88.9;86;124;69.4;0;0.6;0.9;-0.6;12;82;5;0;114
416;8.8;251;331;75.8;3910;920;140;156;89.7;86;115;74.8;16;28;57.1;2;1.3;1.0;+0.7;19;29;11;4;40
417;1.3;43;60;71.7;744;501;16;20;80.0;22;32;68.8;4;6;66.7;0;0.1;0.1;-0.1;2;4;3;1;6
418;5.1;166;204;81.4;2996;983;77;83;92.8;66;78;84.6;19;32;59.4;1;0.2;0.4;+0.8;5;19;4;0;24
419;19.0;601;777;77.3;10641;4476;278;309;90.0;243;318;76.4;66;111;59.5;1;1.0;0.7;0.0;12;44;10;5;53
420;17.9;225;341;66.0;3005;641;137;183;74.9;70;97;72.2;5;14;35.7;4;1.7;1.3;+2.3;30;18;12;1;33
421;8.0;193;265;72.8;4319;2048;62;74;83.8;96;111;86.5;34;74;45.9;0;0.0;0.1;0.0;2;16;2;1;14
422;20.8;452;648;69.8;8562;2003;204;264;77.3;173;217;79.7;67;119;56.3;1;1.9;2.8;-0.9;24;64;29;3;88
423;1.7;34;48;70.8;426;96;22;27;81.5;9;12;75.0;0;3;0.0;0;0.0;0.1;0.0;1;3;2;1;1
424;9.6;291;382;76.2;4378;1397;164;188;87.2;109;135;80.7;13;39;33.3;1;1.5;1.7;-0.5;11;12;8;6;18
425;15.3;564;644;87.6;11210;4111;170;193;88.1;332;364;91.2;56;73;76.7;0;0.7;0.3;-0.7;7;41;1;1;43
426;5.0;245;272;90.1;4949;1851;91;94;96.8;108;119;90.8;44;54;81.5;0;0.0;0.0;0.0;0;15;0;0;22
427;16.3;511;603;84.7;9318;3199;212;237;89.5;238;266;89.5;52;78;66.7;0;0.1;0.4;-0.1;3;35;1;0;43
428;0.6;8;11;72.7;136;39;3;3;100.0;3;5;60.0;1;2;50.0;0;0.1;0.1;-0.1;1;0;0;0;1
429;0.4;4;5;80.0;70;0;2;2;100.0;2;2;100.0;0;1;0.0;0;0.0;0.0;0.0;0;0;0;0;0
430;19.2;795;1112;71.5;15322;7313;344;385;89.4;325;416;78.1;120;277;43.3;3;3.1;3.0;-0.1;38;85;21;13;95
431;0.3;13;20;65.0;181;38;8;11;72.7;5;5;100.0;0;3;0.0;0;0.0;0.0;0.0;0;1;0;0;2
432;0.9;32;42;76.2;579;98;13;16;81.3;19;22;86.4;0;2;0.0;0;0.1;0.1;-0.1;1;3;1;0;5
433;4.8;169;198;85.4;3157;1007;76;79;96.2;66;76;86.8;22;29;75.9;0;0.6;0.2;-0.6;7;17;4;0;23
434;2.0;197;229;86.0;4348;1283;69;73;94.5;84;98;85.7;43;52;82.7;0;0.2;0.1;-0.2;5;22;2;0;27
435;17.8;664;904;73.5;11626;4924;346;384;90.1;225;303;74.3;79;158;50.0;2;2.3;2.1;-0.3;28;58;26;14;94
436;0.5;29;39;74.4;523;91;15;17;88.2;11;14;78.6;2;6;33.3;0;0.0;0.0;0.0;1;1;0;0;1
437;1.3;22;25;88.0;298;39;15;17;88.2;6;7;85.7;1;1;100.0;0;0.0;0.0;0.0;0;1;0;0;1
438;9.5;508;603;84.2;10619;3212;164;184;89.1;238;269;88.5;98;128;76.6;1;0.8;0.8;+0.2;11;58;8;4;57
439;1.8;56;67;83.6;839;243;29;31;93.5;22;26;84.6;3;4;75.0;0;0.1;0.0;-0.1;3;4;1;0;5
440;6.0;138;196;70.4;1873;489;92;109;84.4;32;52;61.5;6;12;50.0;1;0.8;0.9;+0.2;10;18;9;3;18
441;17.5;726;945;76.8;13490;4653;334;373;89.5;250;311;80.4;115;202;56.9;5;3.2;4.1;+1.8;37;100;21;3;121
442;0.4;11;14;78.6;170;50;6;7;85.7;4;6;66.7;1;1;100.0;0;0.0;0.1;0.0;1;1;1;0;2
443;6.1;170;244;69.7;3150;1364;60;73;82.2;91;117;77.8;17;46;37.0;0;0.2;0.3;-0.2;5;14;4;2;19
444;2.0;40;54;74.1;1242;878;6;6;100.0;18;18;100.0;16;30;53.3;0;0.0;0.0;0.0;0;0;0;0;0
445;18.5;360;494;72.9;5625;1269;200;247;81.0;115;161;71.4;31;47;66.0;2;3.1;2.0;-1.1;25;22;23;2;48
446;3.1;107;139;77.0;1779;658;53;60;88.3;42;50;84.0;9;17;52.9;0;0.1;0.4;-0.1;1;5;1;1;6
447;0.2;11;14;78.6;205;48;5;5;100.0;3;4;75.0;2;3;66.7;0;0.0;0.0;0.0;0;0;0;0;0
448;0.6;18;23;78.3;310;43;8;8;100.0;9;10;90.0;1;3;33.3;0;0.2;0.0;-0.2;4;2;2;0;5
449;14.3;409;514;79.6;7063;2350;191;214;89.3;166;194;85.6;42;77;54.5;1;2.3;2.2;-1.3;25;59;14;2;85
450;0.0;0;1;0.0;0;0;0;0;;0;0;;0;0;;0;0.0;0.0;0.0;0;0;0;0;0
451;18.2;505;733;68.9;9797;3996;210;236;89.0;213;289;73.7;74;170;43.5;3;2.0;2.5;+1.0;21;37;20;16;46
452;0.9;28;36;77.8;399;99;19;21;90.5;8;13;61.5;1;2;50.0;0;0.1;0.0;-0.1;2;4;1;0;5
453;3.5;65;98;66.3;1295;538;32;37;86.5;20;35;57.1;13;24;54.2;1;0.6;0.5;+0.4;7;6;8;7;8
454;8.5;280;400;70.0;5192;1562;124;155;80.0;103;132;78.0;43;71;60.6;1;1.0;1.0;0.0;16;40;8;2;58
455;4.4;72;101;71.3;941;99;37;49;75.5;26;34;76.5;2;3;66.7;0;0.2;0.1;-0.2;4;3;2;0;5
456;4.1;162;203;79.8;2948;1000;73;83;88.0;62;76;81.6;20;30;66.7;1;0.6;0.7;+0.4;10;25;7;3;31
457;20.0;678;846;80.1;11975;4301;314;366;85.8;284;321;88.5;65;106;61.3;1;2.1;2.3;-1.1;30;75;16;2;107
458;14.6;255;392;65.1;4341;1560;128;167;76.6;90;137;65.7;26;51;51.0;2;2.0;1.8;0.0;19;20;20;10;35
459;12.2;435;526;82.7;7627;2742;192;221;86.9;196;227;86.3;40;57;70.2;0;0.2;0.8;-0.2;8;48;4;0;73
460;7.6;125;188;66.5;1807;173;62;89;69.7;43;60;71.7;8;10;80.0;0;0.2;0.6;-0.2;4;5;2;0;13
461;1.2;21;31;67.7;299;70;7;8;87.5;11;15;73.3;0;1;0.0;0;0.2;0.2;-0.2;4;0;1;0;4
462;0.9;8;12;66.7;152;89;2;3;66.7;5;6;83.3;1;1;100.0;0;0.0;0.0;0.0;0;0;0;0;0
463;0.8;24;36;66.7;440;238;11;14;78.6;11;16;68.8;2;5;40.0;0;0.0;0.0;0.0;1;0;0;0;2
464;17.1;828;947;87.4;14484;3916;380;419;90.7;349;388;89.9;81;97;83.5;1;0.5;1.2;+0.5;10;89;8;1;97
465;6.1;111;145;76.6;1932;304;50;63;79.4;49;60;81.7;8;15;53.3;1;0.8;0.5;+0.2;10;5;5;2;13
466;15.5;585;669;87.4;10775;2518;240;263;91.3;262;291;90.0;69;91;75.8;0;0.4;0.6;-0.4;11;47;6;2;49
467;20.0;799;937;85.3;18701;7423;179;200;89.5;449;475;94.5;168;250;67.2;0;0.7;0.9;-0.7;4;58;3;1;64
468;14.5;405;558;72.6;6726;1659;215;255;84.3;139;183;76.0;42;86;48.8;1;2.5;2.3;-1.5;24;33;23;9;35
469;2.6;89;147;60.5;1585;673;44;56;78.6;35;61;57.4;10;24;41.7;1;0.4;0.8;+0.6;5;14;7;4;22
470;17.9;499;714;69.9;9598;3513;202;254;79.5;193;260;74.2;88;157;56.1;1;2.4;2.6;-1.4;27;51;17;8;78
471;21.6;914;1110;82.3;17204;4837;369;415;88.9;388;445;87.2;129;178;72.5;1;2.7;1.9;-1.7;39;117;20;0;152
472;6.4;233;301;77.4;4009;1585;119;134;88.8;91;113;80.5;20;41;48.8;0;0.2;0.3;-0.2;2;26;5;1;26
473;2.5;46;70;65.7;1078;487;10;12;83.3;24;31;77.4;12;26;46.2;0;0.0;0.0;0.0;0;3;0;0;1
474;1.0;26;30;86.7;479;155;9;10;90.0;16;16;100.0;1;4;25.0;0;0.0;0.0;0.0;1;1;0;0;0
475;16.4;1037;1186;87.4;19795;7117;431;452;95.4;428;474;90.3;159;225;70.7;1;2.1;2.7;-1.1;36;170;18;2;144
476;7.4;239;320;74.7;4083;1445;119;135;88.1;98;125;78.4;18;35;51.4;0;0.1;0.2;-0.1;2;14;2;2;18
477;3.4;50;74;67.6;655;130;32;42;76.2;14;17;82.4;1;2;50.0;0;0.4;0.4;-0.4;7;5;1;1;6
478;14.0;468;581;80.6;10563;4253;134;148;90.5;238;263;90.5;95;159;59.7;0;0.3;0.7;-0.3;5;62;7;0;45
479;2.9;67;105;63.8;1956;1596;13;13;100.0;33;33;100.0;21;59;35.6;0;0.0;0.0;0.0;0;1;0;0;0
480;10.9;513;585;87.7;10251;3687;149;163;91.4;305;330;92.4;52;81;64.2;1;0.1;0.1;+0.9;3;22;1;0;33
481;0.0;0;0;;0;0;0;0;;0;0;;0;0;;0;0.0;0.0;0.0;0;0;0;0;0
482;8.6;144;193;74.6;1930;480;82;97;84.5;38;49;77.6;7;15;46.7;2;1.6;2.0;+0.4;11;11;9;1;18
483;1.8;81;98;82.7;1300;181;42;46;91.3;30;34;88.2;6;9;66.7;0;0.3;0.2;-0.3;6;0;2;1;2
484;14.5;398;586;67.9;6230;1844;220;252;87.3;104;151;68.9;47;124;37.9;5;3.2;4.6;+1.8;43;44;14;5;58
485;16.6;257;408;63.0;4291;745;133;192;69.3;97;146;66.4;21;35;60.0;1;1.5;1.2;-0.5;21;26;6;2;33
486;21.4;696;871;79.9;14533;5455;195;214;91.1;386;443;87.1;107;197;54.3;0;0.4;1.0;-0.4;4;44;3;1;64
487;11.1;160;230;69.6;2264;583;84;112;75.0;58;75;77.3;5;11;45.5;0;1.6;1.6;-1.6;15;12;9;5;13
488;5.6;185;224;82.6;2829;866;99;111;89.2;64;78;82.1;12;21;57.1;0;0.2;0.3;-0.2;9;13;4;1;23
489;8.3;343;413;83.1;5336;1419;176;195;90.3;145;174;83.3;17;31;54.8;0;0.8;0.4;-0.8;6;26;9;2;31
490;22.0;382;561;68.1;12033;9281;64;64;100.0;164;173;94.8;148;314;47.1;0;0.0;0.1;0.0;0;14;2;0;0
491;20.8;759;955;79.5;15940;6731;246;278;88.5;388;436;89.0;121;211;57.3;2;1.1;0.8;+0.9;11;52;8;6;63
492;1.1;68;82;82.9;1206;440;31;33;93.9;29;35;82.9;7;11;63.6;0;0.0;0.0;0.0;0;3;0;0;4
493;12.8;495;605;81.8;11879;5015;103;125;82.4;276;304;90.8;113;164;68.9;0;0.4;0.1;-0.4;4;27;0;0;24
494;5.4;96;125;76.8;1454;170;53;63;84.1;32;37;86.5;7;11;63.6;0;0.8;0.9;-0.8;8;9;0;0;6
495;0.7;10;15;66.7;118;29;7;7;100.0;3;5;60.0;0;1;0.0;0;0.0;0.0;0.0;0;1;0;0;0
496;0.4;16;22;72.7;303;108;6;6;100.0;7;8;87.5;3;5;60.0;0;0.1;0.1;-0.1;2;2;0;0;3
497;9.0;104;158;65.8;1317;314;58;84;69.0;32;45;71.1;1;5;20.0;1;0.8;0.6;+0.2;12;8;4;0;17
498;6.0;109;165;66.1;3225;2634;23;23;100.0;48;49;98.0;38;92;41.3;0;0.0;0.0;0.0;0;1;0;0;0
499;0.4;32;40;80.0;445;112;19;21;90.5;8;11;72.7;3;4;75.0;0;0.3;0.7;-0.3;4;0;5;2;4
500;8.3;246;343;71.7;4545;1850;104;127;81.9;105;127;82.7;31;71;43.7;2;1.6;1.5;+0.4;18;40;18;6;52
501;1.8;70;95;73.7;1166;275;34;38;89.5;26;32;81.3;8;20;40.0;0;1.0;0.8;-1.0;5;8;1;1;8
502;5.9;83;130;63.8;1303;305;42;55;76.4;26;41;63.4;9;15;60.0;0;0.5;0.5;-0.5;8;4;8;5;12
503;24.0;535;727;73.6;16731;12411;67;67;100.0;239;245;97.6;223;406;54.9;0;0.0;0.0;0.0;0;8;0;0;0
504;11.2;475;569;83.5;9804;4168;139;160;86.9;263;287;91.6;69;105;65.7;0;0.1;0.1;-0.1;2;27;1;0;30
505;0.8;16;27;59.3;271;145;8;10;80.0;7;13;53.8;1;4;25.0;0;0.0;0.0;0.0;0;3;0;0;3
506;3.9;184;230;80.0;3971;1736;58;60;96.7;82;98;83.7;38;61;62.3;0;0.0;0.1;0.0;0;23;1;0;22
507;3.5;117;154;76.0;1845;539;71;79;89.9;36;46;78.3;8;15;53.3;2;1.5;1.1;+0.5;6;17;6;0;20
508;0.0;8;8;100.0;114;22;6;6;100.0;1;1;100.0;1;1;100.0;0;0.0;0.0;0.0;0;1;0;0;1
509;2.6;143;168;85.1;2841;899;53;58;91.4;69;78;88.5;20;28;71.4;0;0.1;0.1;-0.1;3;22;1;0;23
510;16.9;420;609;69.0;9037;4511;137;160;85.6;198;261;75.9;83;163;50.9;0;1.3;0.2;-1.3;6;44;1;0;42
511;2.0;28;53;52.8;397;78;17;26;65.4;9;18;50.0;1;4;25.0;1;0.3;0.4;+0.7;4;0;1;1;1
512;1.9;104;116;89.7;2169;686;28;28;100.0;64;68;94.1;12;19;63.2;0;0.0;0.0;0.0;0;3;0;0;3
513;1.9;83;94;88.3;1426;576;37;38;97.4;36;40;90.0;9;11;81.8;0;0.3;0.2;-0.3;2;8;2;2;14
514;6.3;172;213;80.8;2924;969;88;94;93.6;55;59;93.2;20;37;54.1;0;1.4;0.9;-1.4;11;17;5;3;21
515;1.6;53;68;77.9;934;280;27;35;77.1;20;23;87.0;5;6;83.3;1;0.4;0.1;+0.6;2;2;2;1;3
516;0.7;22;26;84.6;337;60;15;17;88.2;5;6;83.3;2;3;66.7;0;0.0;0.2;0.0;0;0;1;1;3
517;0.6;14;21;66.7;208;46;7;7;100.0;5;6;83.3;1;3;33.3;0;0.0;0.1;0.0;1;0;1;0;2
518;20.5;393;590;66.6;13416;11145;48;48;100.0;156;159;98.1;189;379;49.9;0;0.0;0.1;0.0;0;10;1;0;0
519;19.5;723;881;82.1;12932;3466;311;351;88.6;319;361;88.4;77;123;62.6;5;5.0;4.9;0.0;45;107;39;2;175
520;6.1;215;259;83.0;4415;1617;61;67;91.0;124;138;89.9;28;49;57.1;1;0.1;0.0;+0.9;3;7;1;0;12
521;3.4;95;152;62.5;1550;663;54;64;84.4;34;49;69.4;6;28;21.4;1;1.2;1.6;-0.2;15;11;7;2;13
522;5.4;186;242;76.9;3372;1518;84;98;85.7;76;95;80.0;23;40;57.5;0;0.2;0.2;-0.2;5;20;1;0;22
523;20.1;536;791;67.8;16686;13540;98;99;99.0;229;233;98.3;209;454;46.0;0;0.0;0.1;0.0;1;37;1;0;0
524;4.6;114;173;65.9;2092;712;60;76;78.9;37;42;88.1;15;38;39.5;2;0.3;0.5;+1.7;4;10;5;4;11
525;17.3;472;668;70.7;9250;2481;192;231;83.1;188;264;71.2;79;139;56.8;4;5.7;4.1;-1.7;42;58;23;6;65
526;11.2;313;430;72.8;5848;2537;123;137;89.8;147;179;82.1;38;97;39.2;1;0.4;0.4;+0.6;5;20;4;1;23
527;3.8;117;150;78.0;2160;974;48;53;90.6;51;60;85.0;15;33;45.5;0;0.0;0.0;0.0;1;13;1;0;11
528;8.4;210;269;78.1;4642;2134;57;63;90.5;114;126;90.5;38;70;54.3;0;0.0;0.0;0.0;3;13;0;0;16
529;2.3;116;140;82.9;2191;554;37;41;90.2;68;71;95.8;10;22;45.5;0;0.0;0.0;0.0;1;8;0;0;5
530;1.8;59;71;83.1;1042;429;28;30;93.3;26;31;83.9;5;7;71.4;0;0.1;0.1;-0.1;2;6;1;1;8
531;0.7;25;40;62.5;407;155;14;14;100.0;7;11;63.6;4;9;44.4;0;0.1;0.1;-0.1;2;2;1;0;3
532;15.9;526;638;82.4;11241;4712;142;168;84.5;295;331;89.1;85;126;67.5;0;0.0;0.1;0.0;2;35;1;1;41
533;16.5;392;539;72.7;12621;9940;51;54;94.4;178;179;99.4;163;305;53.4;0;0.0;0.0;0.0;0;9;1;0;0
534;1.7;53;70;75.7;913;253;24;27;88.9;22;29;75.9;5;11;45.5;0;0.1;0.1;-0.1;2;1;1;1;4
535;0.0;2;3;66.7;21;20;2;2;100.0;0;1;0.0;0;0;;0;0.0;0.0;0.0;0;0;0;0;0
536;4.6;166;203;81.8;2605;888;82;96;85.4;66;80;82.5;11;14;78.6;0;0.8;1.1;-0.8;7;19;9;5;31
537;7.7;248;334;74.3;4631;1507;108;129;83.7;103;133;77.4;33;51;64.7;1;0.5;0.9;+0.5;13;31;17;6;45
538;0.3;6;10;60.0;57;36;5;7;71.4;0;1;0.0;0;1;0.0;0;0.0;0.0;0.0;0;0;0;0;0
539;4.8;78;119;65.5;1110;216;47;67;70.1;24;31;77.4;4;6;66.7;1;0.7;0.3;+0.3;8;8;4;0;11
540;1.1;38;50;76.0;683;139;17;19;89.5;17;19;89.5;4;11;36.4;0;0.0;0.0;0.0;0;2;2;0;8
541;9.6;179;248;72.2;3299;868;84;101;83.2;74;91;81.3;21;42;50.0;0;0.4;1.0;-0.4;7;15;10;3;26
542;21.0;611;813;75.2;20191;14520;79;80;98.8;255;263;97.0;277;465;59.6;0;0.0;0.1;0.0;0;27;0;0;1
543;15.0;290;448;64.7;5636;1588;116;146;79.5;121;175;69.1;45;92;48.9;2;1.6;1.3;+0.4;21;37;17;5;44
544;3.7;86;113;76.1;1762;280;44;48;91.7;27;37;73.0;15;20;75.0;0;0.3;0.1;-0.3;3;12;1;1;9
545;17.1;434;584;74.3;7165;2013;220;253;87.0;162;211;76.8;38;84;45.2;4;3.3;3.4;+0.7;35;35;24;10;65
546;0.2;0;1;0.0;0;0;0;0;;0;1;0.0;0;0;;0;0.0;0.0;0.0;0;0;0;0;0
547;2.7;45;63;71.4;647;144;25;33;75.8;15;17;88.2;2;4;50.0;0;0.2;0.1;-0.2;3;4;1;0;5
548;8.5;108;144;75.0;1545;327;62;80;77.5;27;32;84.4;9;12;75.0;0;0.8;0.3;-0.8;6;5;5;0;13
549;15.9;531;654;81.2;9722;2201;227;267;85.0;219;251;87.3;74;106;69.8;0;0.5;0.7;-0.5;10;50;7;1;50
550;0.0;0;1;0.0;0;0;0;1;0.0;0;0;;0;0;;0;0.0;0.0;0.0;0;0;0;0;0
551;16.9;583;750;77.7;9521;2741;296;334;88.6;230;273;84.2;42;99;42.4;3;3.4;3.8;-0.4;23;56;34;6;79
552;2.8;33;48;68.8;528;41;19;22;86.4;11;16;68.8;3;3;100.0;0;0.0;0.1;0.0;1;3;0;0;3
