Rk;Player;Nation;Pos;Squad;Age;Born;MP;Starts;Min;90s;Gls;Ast;G+A;G-PK;PK;PKatt;CrdY;CrdR;xG;npxG;xAG;npxG+xAG;PrgC;PrgP;PrgR;Gls;Ast;G+A;G-PK;G+A-PK;xG;xAG;xG+xAG;npxG;npxG+xAG
1;José Abella;mx MEX;DF;Atlas;29-005;1994;18;18;1467;16.3;0;1;1;0;0;0;0;0;0.3;0.3;0.6;0.8;15;64;60;0.00;0.06;0.06;0.00;0.06;0.02;0.04;0.05;0.02;0.05
2;Clifford Aboagye;gh GHA;MF;Querétaro;28-004;1995;12;2;328;3.6;1;0;1;1;0;0;1;0;0.4;0.4;0.5;0.9;7;19;15;0.27;0.00;0.27;0.27;0.27;0.11;0.13;0.24;0.11;0.24
3;Luis Abram;pe PER;DF;Cruz Azul;26-353;1996;12;10;902;10.0;0;0;0;0;0;0;1;0;0.2;0.2;0.0;0.2;4;15;5;0.00;0.00;0.00;0.00;0.00;0.02;0.00;0.02;0.02;0.02
4;Carlos Acevedo;mx MEX;GK;Santos;26-302;1996;23;23;2070;23.0;1;0;1;1;0;0;1;0;0.1;0.1;0.0;0.1;0;0;0;0.04;0.00;0.04;0.04;0.04;0.00;0.00;0.00;0.00;0.00
5;Sergio Adrián Flores;mx MEX;MF;Guadalajara;28-003;1995;11;10;806;9.0;1;1;2;1;0;0;1;0;0.5;0.5;0.7;1.1;1;33;6;0.11;0.11;0.22;0.11;0.22;0.05;0.08;0.13;0.05;0.13
6;Washington Aguerre;uy URU;GK;Querétaro;29-298;1993;9;9;810;9.0;0;0;0;0;0;0;1;0;0.0;0.0;0.0;0.0;0;0;0;0.00;0.00;0.00;0.00;0.00;0.00;0.00;0.00;0.00;0.00
7;Eduardo Águila;mx MEX;DF;Atlético;20-274;2002;1;0;5;0.1;0;0;0;0;0;0;0;0;0.0;0.0;0.0;0.0;0;0;0;0.00;0.00;0.00;0.00;0.00;0.00;0.00;0.00;0.00;0.00
8;Daniel Aguilar;mx MEX;MFDF;Puebla;25-009;1998;14;5;567;6.3;0;0;0;0;0;0;3;0;0.2;0.2;0.1;0.3;9;17;19;0.00;0.00;0.00;0.00;0.00;0.03;0.02;0.04;0.03;0.04
9;Emanuel Aguilera;ar ARG;DF;Atlas;33-249;1989;15;12;1033;11.5;0;0;0;0;0;0;3;0;0.4;0.4;0.1;0.5;5;40;4;0.00;0.00;0.00;0.00;0.00;0.04;0.01;0.05;0.04;0.05
10;Eduardo Aguirre;mx MEX;FW;Santos;24-196;1998;18;15;1120;12.4;3;1;4;2;1;1;0;1;2.2;1.4;0.5;1.9;15;18;64;0.24;0.08;0.32;0.16;0.24;0.18;0.04;0.22;0.11;0.15
11;Érick Aguirre;mx MEX;DF;Monterrey;25-357;1997;15;13;1019;11.3;0;0;0;0;0;0;3;0;0.2;0.2;1.0;1.2;14;33;36;0.00;0.00;0.00;0.00;0.00;0.02;0.09;0.10;0.02;0.10
12;Gaddi Aguirre;mx MEX;DF;Atlas;26-321;1996;9;6;581;6.5;1;0;1;1;0;0;0;0;0.5;0.5;0.0;0.5;0;26;1;0.15;0.00;0.15;0.15;0.15;0.08;0.00;0.08;0.08;0.08
13;Rodrigo Aguirre;uy URU;FWMF;Monterrey;28-137;1994;20;17;1444;16.0;6;4;10;5;1;1;2;0;6.5;5.8;3.5;9.2;21;22;83;0.37;0.25;0.62;0.31;0.56;0.41;0.22;0.62;0.36;0.57
14;Manuel Agustín Duarte;ar ARG;MF;Querétaro;21-176;2001;4;0;109;1.2;0;0;0;0;0;0;0;0;0.1;0.1;0.1;0.2;1;5;6;0.00;0.00;0.00;0.00;0.00;0.07;0.10;0.18;0.07;0.18
15;Arnaud Ake;ci CIV;FWMF;Mazatlán;24-320;1998;5;3;322;3.6;2;1;3;2;0;0;0;0;1.5;1.5;0.4;1.9;9;7;22;0.56;0.28;0.84;0.56;0.84;0.42;0.12;0.54;0.42;0.54
16;Edgar Alaffita;mx MEX;MF;UNAM;26-120;1996;2;2;125;1.4;0;0;0;0;0;0;0;0;0.0;0.0;0.2;0.2;2;6;8;0.00;0.00;0.00;0.00;0.00;0.02;0.14;0.16;0.02;0.16
17;Oswaldo Alanís;mx MEX;DF;Mazatlán;33-334;1989;12;10;913;10.1;2;0;2;2;0;0;1;0;0.4;0.4;0.0;0.4;2;22;2;0.20;0.00;0.20;0.20;0.20;0.04;0.00;0.04;0.04;0.04
18;Jesús Alberto Angulo;mx MEX;DF;UANL;25-016;1998;23;22;1895;21.1;1;2;3;1;0;0;6;1;0.7;0.7;1.4;2.1;40;156;41;0.05;0.09;0.14;0.05;0.14;0.03;0.07;0.10;0.03;0.10
19;Gil Alcalá;mx MEX;GK;Querétaro;30-201;1992;5;5;450;5.0;0;0;0;0;0;0;1;0;0.0;0.0;0.0;0.0;0;0;0;0.00;0.00;0.00;0.00;0.00;0.00;0.00;0.00;0.00;0.00
20;Gil Alcalá;mx MEX;GK;UNAM;30-201;1992;2;2;180;2.0;0;0;0;0;0;0;0;0;0.0;0.0;0.0;0.0;0;0;0;0.00;0.00;0.00;0.00;0.00;0.00;0.00;0.00;0.00;0.00
21;Adrián Aldrete;mx MEX;DF;UNAM;34-246;1988;15;15;1227;13.6;1;2;3;1;0;0;2;1;0.2;0.2;0.9;1.1;6;41;28;0.07;0.15;0.22;0.07;0.22;0.02;0.06;0.08;0.02;0.08
22;Daniel Alexis Parra;mx MEX;DFMF;Necaxa;23-210;1999;5;1;145;1.6;0;0;0;0;0;0;0;0;0.1;0.1;0.2;0.3;2;4;3;0.00;0.00;0.00;0.00;0.00;0.05;0.11;0.16;0.05;0.16
23;Luis Alfonso Rodríguez;mx MEX;DFMF;FC Juárez;32-025;1991;7;7;599;6.7;0;0;0;0;0;0;3;0;0.2;0.2;0.1;0.2;13;32;12;0.00;0.00;0.00;0.00;0.00;0.03;0.01;0.04;0.03;0.04
24;Luis Alfonso Rodríguez;mx MEX;DF;UANL;32-025;1991;3;0;125;1.4;0;0;0;0;0;0;0;0;0.0;0.0;0.0;0.0;1;13;10;0.00;0.00;0.00;0.00;0.00;0.00;0.00;0.00;0.00;0.00
25;David Alfredo Andrade;mx MEX;MFDF;Atlético;29-221;1993;5;1;175;1.9;0;0;0;0;0;0;1;0;0.0;0.0;0.1;0.1;5;3;14;0.00;0.00;0.00;0.00;0.00;0.00;0.06;0.06;0.00;0.06
26;Facundo Almada;ar ARG;DF;Mazatlán;24-220;1998;2;1;135;1.5;0;1;1;0;0;0;1;0;0.0;0.0;0.8;0.8;0;9;1;0.00;0.67;0.67;0.00;0.67;0.02;0.53;0.56;0.02;0.56
27;Carlos Alonso Vargas;mx MEX;DF;Cruz Azul;24-001;1999;1;1;15;0.2;0;0;0;0;0;0;0;0;0.0;0.0;0.0;0.0;0;0;2;0.00;0.00;0.00;0.00;0.00;0.00;0.00;0.00;0.00;0.00
28;Carlos Alonso Vargas;mx MEX;DF;Mazatlán;24-001;1999;13;12;930;10.3;0;0;0;0;0;0;6;1;0.4;0.4;0.7;1.0;17;32;18;0.00;0.00;0.00;0.00;0.00;0.04;0.06;0.10;0.04;0.10
29;Jozy Altidore;us USA;FWMF;Puebla;33-101;1989;6;0;92;1.0;2;0;2;2;0;0;1;0;0.6;0.6;0.0;0.6;0;1;9;1.96;0.00;1.96;1.96;1.96;0.62;0.00;0.62;0.62;0.62
30;Alfonso Alvarado;mx MEX;FWMF;León;22-339;2000;16;2;322;3.6;1;1;2;1;0;0;1;0;1.1;1.1;0.9;2.0;2;9;15;0.28;0.28;0.56;0.28;0.56;0.30;0.26;0.56;0.30;0.56
31;Roberto Alvarado;mx MEX;FWMF;Guadalajara;24-161;1998;22;17;1600;17.8;2;0;2;2;0;0;3;0;3.2;3.2;1.8;4.9;47;98;94;0.11;0.00;0.11;0.11;0.11;0.18;0.10;0.28;0.18;0.28
32;Ventura Alvarado;us USA;DF;FC Juárez;30-183;1992;9;4;432;4.8;0;0;0;0;0;0;1;0;0.1;0.1;0.0;0.2;0;7;0;0.00;0.00;0.00;0.00;0.00;0.03;0.00;0.04;0.03;0.04
33;Alek Álvarez;mx MEX;DFMF;UNAM;19-319;2003;6;3;311;3.5;0;1;1;0;0;0;0;0;0.0;0.0;0.5;0.5;11;12;9;0.00;0.29;0.29;0.00;0.29;0.00;0.15;0.16;0.00;0.16
34;Kevin Álvarez;mx MEX;DF;Pachuca;24-031;1999;21;21;1877;20.9;1;5;6;1;0;0;7;0;1.2;1.2;3.5;4.7;64;97;120;0.05;0.24;0.29;0.05;0.29;0.06;0.17;0.22;0.06;0.22
35;Daniel Álvarez López;mx MEX;FWMF;Toluca;28-208;1994;12;2;279;3.1;1;0;1;1;0;0;0;0;0.4;0.4;0.1;0.6;11;10;28;0.32;0.00;0.32;0.32;0.32;0.14;0.05;0.19;0.14;0.19
36;Daniel Álvarez López;mx MEX;MFDF;Puebla;28-208;1994;7;1;236;2.6;0;1;1;0;0;0;0;0;0.1;0.1;0.4;0.5;2;7;14;0.00;0.38;0.38;0.00;0.38;0.04;0.16;0.20;0.04;0.20
37;Dani Alves;br BRA;MFDF;UNAM;39-285;1983;13;12;1125;12.5;0;5;5;0;0;0;3;0;0.7;0.7;2.8;3.5;16;99;29;0.00;0.40;0.40;0.00;0.40;0.05;0.23;0.28;0.05;0.28
38;Fidel Ambríz;mx MEX;MFDF;León;19-331;2003;21;15;1377;15.3;1;0;1;1;0;0;4;1;0.7;0.7;0.1;0.9;8;40;7;0.07;0.00;0.07;0.07;0.07;0.05;0.01;0.06;0.05;0.06
39;Esteban Andrada;ar ARG;GK;Monterrey;32-020;1991;15;15;1350;15.0;0;0;0;0;0;0;2;0;0.0;0.0;0.2;0.2;0;0;0;0.00;0.00;0.00;0.00;0.00;0.00;0.01;0.01;0.00;0.01
40;Alejandro Andrade;mx MEX;MF;Necaxa;21-183;2001;1;1;66;0.7;0;0;0;0;0;0;0;0;0.0;0.0;0.0;0.0;0;5;0;0.00;0.00;0.00;0.00;0.00;0.00;0.00;0.00;0.00;0.00
41;Miguel Ángel Ponce;mx MEX;DFFW;Guadalajara;33-309;1989;5;1;125;1.4;0;0;0;0;0;0;2;1;0.0;0.0;0.0;0.0;2;4;2;0.00;0.00;0.00;0.00;0.00;0.00;0.00;0.00;0.00;0.00
42;Brayan Angulo;co COL;DF;Toluca;33-105;1989;19;15;1355;15.1;0;1;1;0;0;0;2;0;1.1;1.1;1.4;2.6;34;90;77;0.00;0.07;0.07;0.00;0.07;0.06;0.08;0.15;0.06;0.15
43;Jesús Angulo;mx MEX;DFMF;Guadalajara;25-360;1997;3;0;29;0.3;0;1;1;0;0;0;0;0;0.0;0.0;0.1;0.1;1;1;1;0.00;3.10;3.10;0.00;3.10;0.00;0.23;0.23;0.00;0.23
44;Jesús Angulo;mx MEX;MF;León;25-360;1997;2;0;19;0.2;0;0;0;0;0;0;0;0;0.0;0.0;0.0;0.0;1;2;2;0.00;0.00;0.00;0.00;0.00;0.00;0.16;0.16;0.00;0.16
45;Brayan Angulo Mosquera;co COL;MF;Toluca;29-211;1993;3;2;211;2.3;0;0;0;0;0;0;0;0;;;;;;;;0.00;0.00;0.00;0.00;0.00;;;;;
46;Francisco Antonio Figueroa;mx MEX;FWDF;Pachuca;23-247;1999;2;0;32;0.4;0;0;0;0;0;0;0;0;0.0;0.0;0.0;0.0;5;2;2;0.00;0.00;0.00;0.00;0.00;0.00;0.14;0.14;0.00;0.14
47;Francisco Antonio Figueroa;mx MEX;MFFW;Querétaro;23-247;1999;4;0;49;0.5;0;0;0;0;0;0;0;0;0.0;0.0;0.0;0.0;1;5;8;0.00;0.00;0.00;0.00;0.00;0.00;0.06;0.06;0.00;0.06
48;Jorge Antonio Padilla;mx MEX;DF;Mazatlán;29-162;1993;12;5;617;6.9;0;0;0;0;0;0;2;0;0.4;0.4;0.3;0.7;9;25;23;0.00;0.00;0.00;0.00;0.00;0.05;0.05;0.10;0.05;0.10
49;José Antonio Rodríguez;mx MEX;GK;Tijuana;30-226;1992;6;6;540;6.0;0;0;0;0;0;0;1;0;0.0;0.0;0.1;0.1;0;0;0;0.00;0.00;0.00;0.00;0.00;0.00;0.01;0.01;0.00;0.01
50;José Antonio Rodríguez;mx MEX;GK;Querétaro;30-226;1992;8;8;720;8.0;0;0;0;0;0;0;1;0;0.0;0.0;0.0;0.0;0;0;0;0.00;0.00;0.00;0.00;0.00;0.00;0.00;0.00;0.00;0.00
51;Uriel Antuna;mx MEX;FWMF;Cruz Azul;25-178;1997;19;19;1632;18.1;3;3;6;3;0;0;4;0;1.9;1.9;2.0;3.9;51;60;157;0.17;0.17;0.33;0.17;0.33;0.10;0.11;0.21;0.10;0.21
52;Javier Aquino;mx MEX;DFFW;UANL;33-004;1990;17;15;1317;14.6;0;1;1;0;0;0;2;0;0.3;0.3;0.7;1.0;49;89;81;0.00;0.07;0.07;0.00;0.07;0.02;0.04;0.07;0.02;0.07
53;Pedro Aquino;pe PER;MF;América;27-308;1995;19;7;655;7.3;0;1;1;0;0;0;6;0;0.2;0.2;1.1;1.3;10;50;8;0.00;0.14;0.14;0.00;0.14;0.02;0.15;0.18;0.02;0.18
54;Ángelo Araos;cl CHI;MF;Necaxa;26-040;1997;18;14;937;10.4;1;1;2;1;0;0;4;0;0.9;0.9;0.9;1.8;17;32;46;0.10;0.10;0.19;0.10;0.19;0.09;0.08;0.17;0.09;0.17
55;Maximiliano Araújo;uy URU;DFMF;Toluca;23-000;2000;6;6;515;5.7;3;2;5;3;0;0;0;0;1.7;1.7;1.3;3.0;20;20;59;0.52;0.35;0.87;0.52;0.87;0.30;0.22;0.52;0.30;0.52
56;Maximiliano Araújo;uy URU;MFDF;Puebla;23-000;2000;16;16;1316;14.6;1;3;4;1;0;0;4;1;2.2;2.2;2.7;4.9;49;43;108;0.07;0.21;0.27;0.07;0.27;0.15;0.18;0.33;0.15;0.33
57;Néstor Araujo;mx MEX;DF;América;31-170;1991;17;16;1443;16.0;0;1;1;0;0;0;3;0;0.6;0.6;0.9;1.5;22;52;1;0.00;0.06;0.06;0.00;0.06;0.04;0.06;0.10;0.04;0.10
58;Fernando Arce Jr.;us USA;MF;FC Juárez;26-080;1996;11;4;442;4.9;0;0;0;0;0;0;2;0;0.2;0.2;0.0;0.2;1;6;11;0.00;0.00;0.00;0.00;0.00;0.05;0.00;0.05;0.05;0.05
59;Fernando Arce Jr.;us USA;MFDF;Puebla;26-080;1996;2;0;27;0.3;0;0;0;0;0;0;1;0;0.0;0.0;0.0;0.0;0;0;0;0.00;0.00;0.00;0.00;0.00;0.00;0.00;0.00;0.00;0.00
60;Fernando Aristeguieta;ve VEN;FW;Puebla;30-312;1992;3;3;250;2.8;1;0;1;1;0;0;2;0;1.1;1.1;0.3;1.4;3;7;9;0.36;0.00;0.36;0.36;0.36;0.40;0.10;0.50;0.40;0.50
61;Rodrigo Armando González;mx MEX;DF;Atlético;27-309;1995;13;12;1091;12.1;0;0;0;0;0;0;3;0;0.0;0.0;0.0;0.1;3;13;0;0.00;0.00;0.00;0.00;0.00;0.00;0.00;0.01;0.00;0.01
62;Daniel Armando Ríos;mx MEX;FW;Guadalajara;27-358;1995;4;2;181;2.0;0;0;0;0;0;0;0;0;0.3;0.3;0.1;0.4;3;2;13;0.00;0.00;0.00;0.00;0.00;0.14;0.05;0.19;0.14;0.19
63;Eduardo Armenta;mx MEX;MF;Tijuana;21-061;2001;4;4;263;2.9;0;0;0;0;0;0;1;0;0.1;0.1;0.0;0.1;3;13;10;0.00;0.00;0.00;0.00;0.00;0.02;0.00;0.02;0.02;0.02
64;Alejandro Arribas;es ESP;DF;FC Juárez;33-290;1989;18;15;1357;15.1;0;0;0;0;0;0;2;0;0.5;0.5;0.1;0.6;6;31;2;0.00;0.00;0.00;0.00;0.00;0.03;0.01;0.04;0.03;0.04
65;José Ávila;mx MEX;MFDF;Santos;24-290;1998;6;0;74;0.8;0;1;1;0;0;0;0;0;0.0;0.0;0.2;0.2;1;6;7;0.00;1.22;1.22;0.00;1.22;0.03;0.23;0.26;0.03;0.26
66;David Ayala;mx MEX;MF;UANL;22-256;2000;3;0;16;0.2;0;0;0;0;0;0;0;0;0.0;0.0;0.0;0.0;0;0;0;0.00;0.00;0.00;0.00;0.00;0.12;0.00;0.12;0.12;0.12
67;Hugo Ayala;mx MEX;DFFW;UANL;35-321;1987;4;2;166;1.8;0;0;0;0;0;0;0;0;0.0;0.0;0.0;0.0;0;8;0;0.00;0.00;0.00;0.00;0.00;0.00;0.00;0.00;0.00;0.00
68;Ettson Ayon;mx MEX;FWMF;Querétaro;21-326;2001;13;3;440;4.9;3;0;3;3;0;0;2;0;2.0;2.0;0.3;2.3;7;3;25;0.61;0.00;0.61;0.61;0.61;0.43;0.06;0.49;0.43;0.49
69;Rafael Baca;mx MEX;MF;Cruz Azul;33-157;1989;13;7;697;7.7;1;1;2;1;0;0;3;1;0.2;0.2;0.2;0.4;2;30;6;0.13;0.13;0.26;0.13;0.26;0.02;0.02;0.05;0.02;0.05
70;Claudio Baeza;cl CHI;MF;Toluca;29-054;1993;21;20;1614;17.9;0;1;1;0;0;0;7;1;0.1;0.1;0.2;0.3;10;89;9;0.00;0.06;0.06;0.00;0.06;0.00;0.01;0.01;0.00;0.01
71;Kevin Balanta;co COL;DF;Querétaro;25-293;1997;13;13;1077;12.0;0;0;0;0;0;0;3;1;0.1;0.1;0.1;0.2;2;23;1;0.00;0.00;0.00;0.00;0.00;0.01;0.01;0.02;0.01;0.02
72;Miguel Barbieri;ar ARG;DF;Querétaro;29-175;1993;4;1;185;2.1;0;0;0;0;0;0;1;0;0.1;0.1;0.0;0.1;1;6;0;0.00;0.00;0.00;0.00;0.00;0.03;0.00;0.03;0.03;0.03
73;David Barbona;ar ARG;MFFW;Querétaro;27-358;1995;10;8;569;6.3;0;0;0;0;0;0;2;0;0.8;0.8;1.1;1.9;21;37;34;0.00;0.00;0.00;0.00;0.00;0.13;0.18;0.31;0.13;0.31
74;Diego Barbosa;mx MEX;DFMF;Atlas;26-143;1996;15;3;510;5.7;0;0;0;0;0;0;2;0;0.3;0.3;0.2;0.6;17;12;45;0.00;0.00;0.00;0.00;0.00;0.06;0.04;0.10;0.06;0.10
75;Marcelo Barovero;ar ARG;GK;Atlético;38-362;1984;24;24;2160;24.0;0;0;0;0;0;0;2;0;0.0;0.0;0.0;0.0;0;0;0;0.00;0.00;0.00;0.00;0.00;0.00;0.00;0.00;0.00;0.00
76;Martín Barra;mx MEX;MFFW;FC Juárez;21-041;2002;3;0;50;0.6;0;1;1;0;0;0;0;0;0.0;0.0;0.1;0.1;1;0;4;0.00;1.80;1.80;0.00;1.80;0.00;0.20;0.20;0.00;0.20
77;Martín Barragán;mx MEX;FW;Puebla;31-216;1991;24;21;1795;19.9;9;1;10;8;1;1;4;0;6.1;5.4;1.2;6.6;15;48;84;0.45;0.05;0.50;0.40;0.45;0.31;0.06;0.37;0.27;0.33
78;Jaine Barreiro;co COL;DF;León;28-241;1994;20;19;1623;18.0;0;1;1;0;0;0;6;1;1.1;1.1;0.5;1.6;22;58;6;0.00;0.06;0.06;0.00;0.06;0.06;0.03;0.09;0.06;0.09
79;Pablo Barrera;mx MEX;MFFW;Querétaro;35-239;1987;22;21;1807;20.1;2;4;6;2;0;1;5;0;2.0;1.3;3.7;4.9;53;71;118;0.10;0.20;0.30;0.10;0.30;0.10;0.18;0.29;0.06;0.25
80;Abraham Bass;mx MEX;MF;Atlas;21-190;2001;1;1;75;0.8;0;0;0;0;0;0;0;0;0.1;0.1;0.0;0.1;0;0;0;0.00;0.00;0.00;0.00;0.00;0.08;0.00;0.08;0.08;0.08
81;Damián Batallini;ar ARG;FWMF;Necaxa;26-236;1996;3;2;163;1.8;0;0;0;0;0;0;1;0;0.1;0.1;0.0;0.1;5;5;10;0.00;0.00;0.00;0.00;0.00;0.07;0.01;0.08;0.07;0.08
82;Facundo Batista;uy URU;FWMF;Necaxa;24-030;1999;22;18;1508;16.8;9;0;9;7;2;2;2;0;7.0;5.4;1.3;6.7;16;27;94;0.54;0.00;0.54;0.42;0.42;0.42;0.08;0.49;0.33;0.40
83;Eduard Bello;ve VEN;FW;Mazatlán;27-179;1995;14;9;704;7.8;3;0;3;3;0;0;1;0;1.0;1.0;0.5;1.5;15;17;53;0.38;0.00;0.38;0.38;0.38;0.13;0.06;0.19;0.13;0.19
84;Paul Bellón;mx MEX;DF;León;25-256;1997;19;15;1433;15.9;2;0;2;2;0;0;7;1;1.5;1.5;1.0;2.5;14;40;3;0.13;0.00;0.13;0.13;0.13;0.10;0.06;0.16;0.10;0.16
85;Fernando Beltrán;mx MEX;MF;Guadalajara;24-283;1998;21;21;1711;19.0;1;2;3;1;0;0;5;1;1.0;1.0;1.3;2.3;53;125;71;0.05;0.11;0.16;0.05;0.16;0.05;0.07;0.12;0.05;0.12
86;Nicolás Benedetti;co COL;MFFW;Mazatlán;25-296;1997;19;17;1389;15.4;4;3;7;4;0;0;1;0;3.5;3.5;2.1;5.5;66;80;123;0.26;0.19;0.45;0.26;0.45;0.23;0.13;0.36;0.23;0.36
87;Pablo Bennevendo Peña;mx MEX;DF;UNAM;23-043;2000;22;16;1528;17.0;0;0;0;0;0;0;2;0;0.1;0.1;0.9;1.0;25;54;37;0.00;0.00;0.00;0.00;0.00;0.00;0.06;0.06;0.00;0.06
88;Germán Berterame;ar ARG;FWMF;Monterrey;24-094;1998;21;16;1543;17.1;7;3;10;7;0;1;1;0;7.5;6.7;3.0;9.6;33;37;120;0.41;0.17;0.58;0.41;0.58;0.43;0.17;0.61;0.39;0.56
89;Unai Bilbao;es ESP;DF;Atlético;29-011;1994;6;6;495;5.5;0;0;0;0;0;0;0;0;0.1;0.1;0.0;0.1;1;14;0;0.00;0.00;0.00;0.00;0.00;0.03;0.00;0.03;0.03;0.03
90;Léo Bonatini;br BRA;FW;Atlético;28-324;1994;7;7;497;5.5;3;0;3;3;0;1;0;0;2.8;2.0;0.2;2.2;5;12;29;0.54;0.00;0.54;0.54;0.54;0.51;0.03;0.54;0.37;0.40
91;Antonio Briseño;mx MEX;DF;Guadalajara;29-010;1994;4;1;168;1.9;0;0;0;0;0;0;3;1;0.1;0.1;0.0;0.1;2;8;1;0.00;0.00;0.00;0.00;0.00;0.04;0.01;0.05;0.04;0.05
92;Isaác Brizuela;mx MEX;FWMF;Guadalajara;32-171;1990;16;9;720;8.0;0;1;1;0;0;0;1;0;0.2;0.2;1.4;1.6;24;34;55;0.00;0.12;0.12;0.00;0.12;0.03;0.18;0.20;0.03;0.20
93;Juan Brunetta;ar ARG;MFFW;Santos;25-279;1997;21;20;1571;17.5;6;6;12;6;0;0;5;0;4.5;4.5;2.9;7.4;76;137;92;0.34;0.34;0.69;0.34;0.69;0.26;0.17;0.42;0.26;0.42
94;Gustavo Cabral;ar ARG;DF;Pachuca;37-124;1985;21;21;1875;20.8;2;1;3;1;1;1;5;0;1.5;0.7;0.3;0.9;5;49;2;0.10;0.05;0.14;0.05;0.10;0.07;0.01;0.08;0.03;0.05
95;David Cabrera Pujol;mx MEX;MF;Querétaro;33-161;1989;2;0;31;0.3;0;0;0;0;0;0;0;1;0.0;0.0;0.0;0.0;0;7;0;0.00;0.00;0.00;0.00;0.00;0.00;0.00;0.00;0.00;0.00
96;Sebastián Cáceres;uy URU;DF;América;23-181;1999;18;16;1448;16.1;1;0;1;1;0;0;2;0;0.8;0.8;0.1;0.9;10;34;1;0.06;0.00;0.06;0.06;0.06;0.05;0.00;0.05;0.05;0.05
97;Jordy Caicedo;ec ECU;FWMF;UANL;25-089;1997;13;4;520;5.8;1;0;1;1;0;0;1;1;1.5;1.5;0.4;1.9;10;8;33;0.17;0.00;0.17;0.17;0.17;0.26;0.07;0.34;0.26;0.34
98;José Caicedo;co COL;MFDF;UNAM;20-268;2002;9;7;652;7.2;0;0;0;0;0;0;1;0;0.1;0.1;0.3;0.3;6;39;1;0.00;0.00;0.00;0.00;0.00;0.01;0.03;0.04;0.01;0.04
99;Cristian Calderón;mx MEX;DFFW;Guadalajara;25-267;1997;18;11;987;11.0;1;0;1;1;0;1;1;0;3.2;2.4;0.9;3.3;15;29;43;0.09;0.00;0.09;0.09;0.09;0.29;0.08;0.37;0.22;0.30
100;Luis Calzadilla;mx MEX;MF;Pachuca;23-032;2000;2;0;12;0.1;0;0;0;0;0;0;0;0;0.2;0.2;0.0;0.2;0;1;1;0.00;0.00;0.00;0.00;0.00;1.56;0.00;1.56;1.56;1.56
101;Raúl Camacho;mx MEX;MF;Mazatlán;20-333;2002;2;0;8;0.1;0;0;0;0;0;0;0;0;0.0;0.0;0.1;0.1;0;0;1;0.00;0.00;0.00;0.00;0.00;0.00;1.47;1.47;0.00;1.47
102;Joel Campbell;cr CRC;MFFW;León;30-234;1992;21;14;1192;13.2;1;3;4;1;0;0;1;1;1.7;1.7;2.2;4.0;38;84;89;0.08;0.23;0.30;0.08;0.30;0.13;0.17;0.30;0.13;0.30
103;Omar Campos;mx MEX;DF;Santos;20-210;2002;23;23;1976;22.0;1;2;3;1;0;0;2;0;0.7;0.7;2.4;3.1;49;61;83;0.05;0.09;0.14;0.05;0.14;0.03;0.11;0.14;0.03;0.14
104;Alexis Canelo;ar ARG;FW;Tijuana;31-012;1992;23;22;1902;21.1;2;2;4;2;0;0;3;0;3.9;3.9;3.2;7.1;59;71;166;0.09;0.09;0.19;0.09;0.19;0.18;0.15;0.34;0.18;0.34
105;Luis Cárdenas;mx MEX;GK;Monterrey;29-153;1993;8;8;720;8.0;0;0;0;0;0;0;0;0;0.0;0.0;0.0;0.0;0;0;0;0.00;0.00;0.00;0.00;0.00;0.00;0.00;0.00;0.00;0.00
106;Ulises Cardona;mx MEX;MFFW;Necaxa;24-094;1998;2;0;60;0.7;0;0;0;0;0;0;1;0;0.0;0.0;0.3;0.3;3;2;3;0.00;0.00;0.00;0.00;0.00;0.01;0.48;0.49;0.01;0.49
107;Rafael Carioca;br BRA;MF;UANL;33-242;1989;22;15;1387;15.4;0;2;2;0;0;0;4;1;0.5;0.5;1.3;1.7;25;147;22;0.00;0.13;0.13;0.00;0.13;0.03;0.08;0.11;0.03;0.11
108;Gonzalo Carneiro;uy URU;FW;Cruz Azul;27-156;1995;14;7;702;7.8;3;1;4;3;0;0;4;0;3.2;3.2;0.4;3.6;11;19;31;0.38;0.13;0.51;0.38;0.51;0.41;0.05;0.46;0.41;0.46
109;Ramiro Carrera;ar ARG;FWMF;Cruz Azul;29-114;1993;4;0;56;0.6;0;0;0;0;0;0;0;0;0.1;0.1;0.1;0.2;2;4;5;0.00;0.00;0.00;0.00;0.00;0.16;0.16;0.32;0.16;0.32
110;Jordan Carrillo;mx MEX;MFDF;Santos;21-077;2001;3;1;109;1.2;0;0;0;0;0;0;0;0;0.1;0.1;0.0;0.1;3;2;6;0.00;0.00;0.00;0.00;0.00;0.05;0.01;0.06;0.05;0.06
111;Kevin Castañeda;mx MEX;MF;Tijuana;23-110;1999;9;3;274;3.0;0;0;0;0;0;0;1;0;0.3;0.3;0.3;0.7;12;38;13;0.00;0.00;0.00;0.00;0.00;0.10;0.11;0.22;0.10;0.22
112;Byron Castillo;ec ECU;DF;León;24-097;1998;16;15;1337;14.9;1;1;2;1;0;0;4;0;0.4;0.4;2.5;2.8;55;56;96;0.07;0.07;0.13;0.07;0.13;0.02;0.17;0.19;0.02;0.19
113;Fabián Castillo;co COL;FW;Tijuana;30-243;1992;9;1;213;2.4;0;2;2;0;0;0;0;0;0.3;0.3;0.7;1.0;9;6;17;0.00;0.85;0.85;0.00;0.85;0.12;0.29;0.41;0.12;0.41
114;José Castillo Pérez;mx MEX;DF;Pachuca;21-075;2001;10;8;682;7.6;1;0;1;1;0;0;1;0;0.7;0.7;0.2;0.9;5;28;7;0.13;0.00;0.13;0.13;0.13;0.09;0.03;0.11;0.09;0.11
115;Raúl Castillo;mx MEX;MF;Puebla;21-075;2001;2;1;59;0.7;0;0;0;0;0;0;1;0;0.0;0.0;0.1;0.1;1;0;2;0.00;0.00;0.00;0.00;0.00;0.03;0.16;0.20;0.03;0.20
116;Lucas Cavallini;ca CAN;FW;Tijuana;30-049;1992;1;0;39;0.4;0;0;0;0;0;0;0;0;0.0;0.0;0.1;0.1;0;3;5;0.00;0.00;0.00;0.00;0.00;0.00;0.21;0.21;0.00;0.21
117;Enrique Cedillo;mx MEX;DF;Mazatlán;26-313;1996;9;4;383;4.3;0;0;0;0;0;0;2;0;0.0;0.0;0.1;0.1;7;23;0;0.00;0.00;0.00;0.00;0.00;0.00;0.03;0.03;0.00;0.03
118;Julien Celestine;fr FRA;DF;León;25-206;1997;4;3;293;3.3;0;0;0;0;0;0;3;1;0.2;0.2;0.0;0.2;0;6;0;0.00;0.00;0.00;0.00;0.00;0.06;0.01;0.07;0.06;0.07
119;Alan Cervantes;mx MEX;MF;Santos;25-029;1998;23;20;1802;20.0;0;0;0;0;0;0;5;0;0.3;0.3;0.5;0.8;23;90;23;0.00;0.00;0.00;0.00;0.00;0.02;0.02;0.04;0.02;0.04
120;Daniel Cervantes;mx MEX;DF;Querétaro;32-232;1990;4;2;182;2.0;0;0;0;0;0;0;0;0;0.0;0.0;0.0;0.0;0;3;0;0.00;0.00;0.00;0.00;0.00;0.00;0.00;0.00;0.00;0.00
121;Luís Cervantes;mx MEX;DF;León;22-006;2001;3;2;189;2.1;0;0;0;0;0;0;1;0;0.0;0.0;0.0;0.0;2;2;3;0.00;0.00;0.00;0.00;0.00;0.00;0.00;0.00;0.00;0.00
122;Aníbal Chalá;ec ECU;MFDF;Atlas;26-282;1996;18;9;924;10.3;0;0;0;0;0;0;3;0;0.5;0.5;0.5;1.0;36;28;66;0.00;0.00;0.00;0.00;0.00;0.05;0.05;0.10;0.05;0.10
123;Diego Chávez Collins;mx MEX;FW;FC Juárez;27-280;1995;1;0;9;0.1;0;0;0;0;0;0;0;0;0.0;0.0;0.0;0.0;0;0;1;0.00;0.00;0.00;0.00;0.00;0.00;0.00;0.00;0.00;0.00
124;Luis Chávez;mx MEX;MF;Pachuca;27-031;1996;22;22;1933;21.5;3;4;7;3;0;0;2;1;1.9;1.9;2.3;4.2;40;175;24;0.14;0.19;0.33;0.14;0.33;0.09;0.11;0.20;0.09;0.20
125;Ricardo Chávez Soto;mx MEX;DF;Atlético;28-088;1994;22;22;1911;21.2;0;3;3;0;0;0;3;1;0.9;0.9;2.3;3.2;26;55;100;0.00;0.14;0.14;0.00;0.14;0.04;0.11;0.15;0.04;0.15
126;Jesús Chiquete;mx MEX;DF;Guadalajara;20-361;2002;21;21;1830;20.3;1;2;3;1;0;0;4;0;0.9;0.9;0.2;1.1;19;62;27;0.05;0.10;0.15;0.05;0.15;0.04;0.01;0.05;0.04;0.05
127;Ronaldo Cisneros;mx MEX;FW;Guadalajara;26-038;1997;6;4;311;3.5;0;0;0;0;0;0;0;0;0.2;0.2;0.1;0.3;1;1;16;0.00;0.00;0.00;0.00;0.00;0.07;0.02;0.08;0.07;0.08
128;Josué Colmán;py PAR;MFFW;Mazatlán;24-205;1998;16;7;708;7.9;0;0;0;0;0;0;1;0;0.8;0.8;0.7;1.5;18;29;49;0.00;0.00;0.00;0.00;0.00;0.11;0.09;0.19;0.11;0.19
129;Bryan Colula;mx MEX;DF;Mazatlán;26-315;1996;21;18;1526;17.0;1;1;2;1;0;0;6;0;0.5;0.5;0.4;0.9;25;71;71;0.06;0.06;0.12;0.06;0.12;0.03;0.02;0.05;0.03;0.05
130;Francisco Contreras;mx MEX;MFFW;Tijuana;23-245;1999;12;3;330;3.7;0;0;0;0;0;0;1;0;0.1;0.1;1.0;1.1;2;14;18;0.00;0.00;0.00;0.00;0.00;0.04;0.27;0.31;0.04;0.31
131;José Corona;mx MEX;GK;Cruz Azul;42-020;1981;12;12;1079;12.0;0;0;0;0;0;0;5;1;0.0;0.0;0.0;0.0;0;0;0;0.00;0.00;0.00;0.00;0.00;0.00;0.00;0.00;0.00;0.00
132;Rogelio Cortéz Pineda;mx MEX;DF;Necaxa;18-223;2004;1;0;3;0.0;0;0;0;0;0;0;0;0;0.0;0.0;0.0;0.0;0;0;0;0.00;0.00;0.00;0.00;0.00;0.00;0.00;0.00;0.00;0.00
133;Jordi Cortizo;mx MEX;MFFW;Puebla;26-230;1996;17;15;1212;13.5;4;3;7;4;0;0;4;0;2.3;2.3;1.8;4.1;42;63;72;0.30;0.22;0.52;0.30;0.52;0.17;0.13;0.30;0.17;0.30
134;Jordi Cortizo;mx MEX;FWMF;Monterrey;26-230;1996;6;0;86;1.0;0;0;0;0;0;0;0;0;0.1;0.1;0.0;0.1;3;2;9;0.00;0.00;0.00;0.00;0.00;0.11;0.00;0.11;0.11;0.11
135;Rodolfo Cota;mx MEX;GK;León;35-227;1987;23;23;2070;23.0;0;0;0;0;0;0;3;0;0.1;0.1;0.0;0.1;0;0;0;0.00;0.00;0.00;0.00;0.00;0.00;0.00;0.00;0.00;0.00
136;Aldo Cruz;mx MEX;DF;Atlético;25-144;1997;16;16;1305;14.5;0;1;1;0;0;0;2;0;0.0;0.0;0.5;0.5;21;51;18;0.00;0.07;0.07;0.00;0.07;0.00;0.03;0.03;0.00;0.03
137;Jürgen Damm;mx MEX;FWMF;América;30-100;1992;5;0;81;0.9;0;0;0;0;0;0;0;0;0.1;0.1;0.0;0.1;6;0;20;0.00;0.00;0.00;0.00;0.00;0.13;0.00;0.13;0.13;0.13
138;Jorge Daniel Hernández;mx MEX;MF;Querétaro;33-250;1989;18;14;1084;12.0;0;0;0;0;0;0;3;0;0.0;0.0;0.1;0.1;3;50;5;0.00;0.00;0.00;0.00;0.00;0.00;0.01;0.01;0.00;0.01
139;Juan David Castro;mx MEX;MFFW;Atlético;31-056;1991;15;3;297;3.3;0;0;0;0;0;0;2;0;0.4;0.4;0.0;0.4;8;13;23;0.00;0.00;0.00;0.00;0.00;0.13;0.00;0.14;0.13;0.14
140;José David Ramírez;mx MEX;DF;León;27-063;1995;2;0;17;0.2;0;0;0;0;0;0;0;0;0.0;0.0;0.0;0.0;0;0;1;0.00;0.00;0.00;0.00;0.00;0.00;0.00;0.00;0.00;0.00
141;Víctor Dávila;cl CHI;FWMF;León;25-103;1997;21;17;1425;15.8;6;3;9;6;0;0;0;1;4.3;4.3;3.4;7.7;30;64;115;0.38;0.19;0.57;0.38;0.57;0.27;0.22;0.49;0.27;0.49
142;Diego De Buen;mx MEX;DFMF;Puebla;31-227;1991;24;24;2156;24.0;0;2;2;0;0;0;3;0;1.3;1.3;1.8;3.0;13;66;9;0.00;0.08;0.08;0.00;0.08;0.05;0.07;0.13;0.05;0.13
143;Sergio De los Ríos;mx MEX;MF;América;19-232;2003;1;0;15;0.2;0;0;0;0;0;0;0;0;0.0;0.0;0.0;0.0;0;0;0;0.00;0.00;0.00;0.00;0.00;0.00;0.00;0.00;0.00;0.00
144;Gustavo Del Prete;ar ARG;MFFW;UNAM;26-248;1996;23;18;1456;16.2;3;1;4;3;0;0;4;0;4.2;4.2;2.5;6.8;50;43;89;0.19;0.06;0.25;0.19;0.25;0.26;0.16;0.42;0.26;0.42
145;Franco Di Santo;ar ARG;FW;Tijuana;33-314;1989;15;7;735;8.2;2;0;2;2;0;0;1;0;1.4;1.4;0.8;2.2;8;19;54;0.24;0.00;0.24;0.24;0.24;0.17;0.10;0.27;0.17;0.27
146;Lucas Di Yorio;ar ARG;FW;León;26-085;1996;22;21;1812;20.1;10;2;12;10;0;0;5;1;9.0;9.0;1.2;10.2;23;10;93;0.50;0.10;0.60;0.50;0.60;0.45;0.06;0.51;0.45;0.51
147;Nicolás Díaz Huincales;cl CHI;DF;Tijuana;23-271;1999;20;20;1747;19.4;0;0;0;0;0;0;8;3;0.4;0.4;0.5;0.9;24;68;28;0.00;0.00;0.00;0.00;0.00;0.02;0.03;0.05;0.02;0.05
148;Jair Díaz;mx MEX;DF;Tijuana;24-178;1998;15;13;1114;12.4;0;0;0;0;0;0;7;0;0.2;0.2;0.2;0.4;17;48;32;0.00;0.00;0.00;0.00;0.00;0.01;0.02;0.03;0.01;0.03
149;Diogo;br BRA;FWMF;UNAM;26-073;1996;22;12;1292;14.4;6;1;7;6;0;0;3;0;4.2;4.2;0.9;5.1;24;15;103;0.42;0.07;0.49;0.42;0.49;0.29;0.07;0.36;0.29;0.36
150;Cecilio Domínguez;py PAR;MFFW;Santos;28-188;1994;13;1;270;3.0;0;1;1;0;0;0;1;1;0.1;0.1;0.4;0.5;12;15;23;0.00;0.33;0.33;0.00;0.33;0.03;0.13;0.16;0.03;0.16
151;Idekel Domínguez;mx MEX;MF;Atlas;22-258;2000;1;1;65;0.7;0;0;0;0;0;0;0;0;0.0;0.0;0.0;0.0;0;2;2;0.00;0.00;0.00;0.00;0.00;0.00;0.01;0.01;0.00;0.01
152;Juan Domínguez;mx MEX;FWDF;Necaxa;24-108;1998;5;2;173;1.9;0;0;0;0;0;0;0;0;0.0;0.0;0.0;0.0;9;4;13;0.00;0.00;0.00;0.00;0.00;0.00;0.01;0.01;0.00;0.01
153;Julio Domínguez;mx MEX;DF;Cruz Azul;35-099;1987;17;16;1385;15.4;0;0;0;0;0;0;3;0;0.3;0.3;0.1;0.5;12;48;7;0.00;0.00;0.00;0.00;0.00;0.02;0.01;0.03;0.02;0.03
154;Misael Domínguez;mx MEX;MFFW;Tijuana;23-111;1999;6;2;166;1.8;0;0;0;0;0;0;0;0;0.1;0.1;0.2;0.3;9;13;8;0.00;0.00;0.00;0.00;0.00;0.03;0.12;0.15;0.03;0.15
155;Dória;br BRA;DF;Santos;28-099;1994;9;4;457;5.1;0;0;0;0;0;0;1;0;0.8;0.8;0.0;0.8;2;8;0;0.00;0.00;0.00;0.00;0.00;0.16;0.00;0.16;0.16;0.16
156;Jonathan dos Santos;mx MEX;MF;América;32-295;1990;17;5;490;5.4;1;0;1;1;0;0;2;0;0.1;0.1;0.2;0.3;13;46;8;0.18;0.00;0.18;0.18;0.18;0.02;0.04;0.06;0.02;0.06
157;Rodrigo Dourado;br BRA;MF;Atlético;28-243;1994;18;16;1285;14.3;0;1;1;0;0;0;5;0;0.2;0.2;0.5;0.7;6;46;9;0.00;0.07;0.07;0.00;0.07;0.01;0.04;0.05;0.01;0.05
158;Jesús Dueñas;mx MEX;MFFW;FC Juárez;33-336;1989;23;22;1947;21.6;3;6;9;2;1;1;5;0;2.6;1.8;3.6;5.4;49;119;131;0.14;0.28;0.42;0.09;0.37;0.12;0.17;0.29;0.08;0.25
159;Javier Eduardo López;mx MEX;MFFW;Pachuca;28-151;1994;15;7;727;8.1;6;2;8;6;0;0;0;0;2.5;2.5;1.8;4.2;16;39;47;0.74;0.25;0.99;0.74;0.99;0.31;0.22;0.52;0.31;0.52
160;Jorge Eduardo Sánchez;mx MEX;DF;América;25-067;1997;3;3;270;3.0;0;0;0;0;0;0;1;0;0.2;0.2;0.3;0.5;8;17;24;0.00;0.00;0.00;0.00;0.00;0.06;0.11;0.17;0.06;0.17
161;Francisco Eduardo Venegas;mx MEX;DFFW;UANL;24-214;1998;4;1;105;1.2;0;0;0;0;0;0;1;0;0.0;0.0;0.0;0.0;3;11;7;0.00;0.00;0.00;0.00;0.00;0.00;0.04;0.04;0.00;0.04
162;Francisco Eduardo Venegas;mx MEX;DF;Mazatlán;24-214;1998;3;2;180;2.0;0;0;0;0;0;0;0;0;0.2;0.2;0.1;0.3;2;11;4;0.00;0.00;0.00;0.00;0.00;0.10;0.07;0.17;0.10;0.17
163;Alfonso Emilio Sánchez;mx MEX;MFFW;Mazatlán;28-244;1994;16;6;595;6.6;2;0;2;2;0;0;3;0;0.7;0.7;0.1;0.9;6;21;12;0.30;0.00;0.30;0.30;0.30;0.11;0.02;0.13;0.11;0.13
164;José Enrique Angulo;ec ECU;FW;Querétaro;28-012;1995;10;3;361;4.0;1;0;1;1;0;0;2;0;1.2;1.2;0.1;1.3;10;7;19;0.25;0.00;0.25;0.25;0.25;0.29;0.02;0.32;0.29;0.32
165;Luis Enrique Quiñones;co COL;MFFW;UANL;31-234;1991;22;19;1613;17.9;4;2;6;4;0;0;10;2;3.5;3.5;5.5;9.0;82;86;202;0.22;0.11;0.33;0.22;0.33;0.19;0.31;0.50;0.19;0.50
166;Carlos Ernesto Cisneros;mx MEX;FWDF;Guadalajara;29-169;1993;21;10;1054;11.7;2;3;5;2;0;0;4;0;3.4;3.4;1.5;5.0;44;39;96;0.17;0.26;0.43;0.17;0.43;0.29;0.13;0.42;0.29;0.42
167;Kevin Escamilla;mx MEX;MF;Querétaro;28-359;1994;18;13;1123;12.5;0;1;1;0;0;0;2;0;1.0;1.0;0.9;1.9;17;66;14;0.00;0.08;0.08;0.00;0.08;0.08;0.07;0.15;0.08;0.15
168;Juan Escobar;py PAR;DF;Cruz Azul;27-227;1995;16;16;1368;15.2;0;1;1;0;0;0;4;0;0.3;0.3;0.7;0.9;10;40;22;0.00;0.07;0.07;0.00;0.07;0.02;0.04;0.06;0.02;0.06
169;Alonso Escoboza;mx MEX;DFMF;Cruz Azul;30-024;1993;9;1;226;2.5;1;0;1;1;0;0;1;0;0.1;0.1;0.1;0.3;4;8;11;0.40;0.00;0.40;0.40;0.40;0.06;0.05;0.11;0.06;0.11
170;Amaury Escoto;mx MEX;FWMF;Puebla;30-077;1992;8;0;141;1.6;1;0;1;1;0;0;0;0;0.6;0.6;0.2;0.9;2;1;7;0.64;0.00;0.64;0.64;0.64;0.40;0.15;0.55;0.40;0.55
171;Michael Estrada;ec ECU;FW;Cruz Azul;26-314;1996;12;8;494;5.5;3;1;4;2;1;1;3;1;2.1;1.3;0.4;1.7;2;5;28;0.55;0.18;0.73;0.36;0.55;0.39;0.08;0.46;0.24;0.32
172;Marco Fabián;mx MEX;MFFW;Mazatlán;33-209;1989;12;8;631;7.0;0;1;1;0;0;0;2;0;0.6;0.6;1.0;1.6;6;34;40;0.00;0.14;0.14;0.00;0.14;0.09;0.14;0.23;0.09;0.23
173;Luis Félix;mx MEX;DF;Tijuana;22-167;2000;2;0;58;0.6;0;0;0;0;0;0;0;0;0.0;0.0;0.0;0.0;1;0;1;0.00;0.00;0.00;0.00;0.00;0.00;0.00;0.00;0.00;0.00
174;Omar Fernández Frasica;co COL;MFFW;Puebla;30-004;1993;15;9;827;9.2;2;1;3;2;0;0;2;0;1.2;1.2;0.8;1.9;29;50;51;0.22;0.11;0.33;0.22;0.33;0.13;0.08;0.21;0.13;0.21
175;Gabriel Fernández;uy URU;FW;FC Juárez;28-278;1994;23;22;1843;20.5;8;3;11;8;0;1;7;1;6.4;5.6;2.3;7.9;36;42;105;0.39;0.15;0.54;0.39;0.54;0.31;0.11;0.42;0.27;0.39
176;Leonardo Fernández;uy URU;MFFW;Toluca;24-099;1998;22;20;1539;17.1;5;7;12;3;2;2;6;0;5.0;3.5;6.2;9.7;46;120;119;0.29;0.41;0.70;0.18;0.58;0.29;0.36;0.65;0.20;0.57
177;Rafael Fernández;mx MEX;DF;Querétaro;22-194;2000;9;9;807;9.0;0;0;0;0;0;0;1;0;0.4;0.4;0.0;0.4;8;31;4;0.00;0.00;0.00;0.00;0.00;0.05;0.00;0.05;0.05;0.05
178;Luis Fernando Fuentes;mx MEX;DF;América;36-154;1986;19;15;1389;15.4;0;1;1;0;0;0;0;0;1.0;1.0;1.3;2.3;36;64;148;0.00;0.06;0.06;0.00;0.06;0.06;0.09;0.15;0.06;0.15
179;Luis Fernando León;ec ECU;DF;Atlético;29-310;1993;14;14;1242;13.8;0;0;0;0;0;0;2;0;0.3;0.3;0.3;0.6;4;29;1;0.00;0.00;0.00;0.00;0.00;0.02;0.02;0.04;0.02;0.04
180;Luis Fernando Quintana;mx MEX;DF;Necaxa;31-012;1992;1;1;71;0.8;0;0;0;0;0;0;0;0;0.1;0.1;0.0;0.1;0;2;0;0.00;0.00;0.00;0.00;0.00;0.13;0.02;0.15;0.13;0.15
181;Gustavo Ferrareis;br BRA;MFDF;Puebla;27-044;1996;21;19;1567;17.4;2;3;5;2;0;0;5;0;1.6;1.6;1.5;3.1;31;55;74;0.11;0.17;0.29;0.11;0.29;0.09;0.09;0.18;0.09;0.18
182;Álvaro Fidalgo;es ESP;MF;América;25-312;1997;24;20;1803;20.0;2;5;7;2;0;0;0;0;0.6;0.6;2.2;2.8;63;246;50;0.10;0.25;0.35;0.10;0.35;0.03;0.11;0.14;0.03;0.14
183;Carlos Fierro;mx MEX;FWMF;FC Juárez;28-206;1994;7;5;327;3.6;1;0;1;1;0;0;0;0;0.1;0.1;0.0;0.2;6;5;13;0.28;0.00;0.28;0.28;0.28;0.04;0.00;0.04;0.04;0.04
184;Abraham Flores;mx MEX;DF;Tijuana;20-216;2002;3;2;139;1.5;0;0;0;0;0;0;0;1;0.0;0.0;0.0;0.0;2;2;1;0.00;0.00;0.00;0.00;0.00;0.00;0.00;0.00;0.00;0.00
185;Edison Flores;pe PER;MF;Atlas;28-277;1994;19;7;792;8.8;0;2;2;0;0;0;0;0;1.6;1.6;1.7;3.4;15;30;49;0.00;0.23;0.23;0.00;0.23;0.19;0.20;0.38;0.19;0.38
186;Fabricio Formiliano;uy URU;DF;Necaxa;30-032;1993;9;7;662;7.4;1;1;2;1;0;0;0;0;0.2;0.2;0.1;0.4;2;20;1;0.14;0.14;0.27;0.14;0.27;0.03;0.02;0.05;0.03;0.05
187;Alexis Francisco Peña;mx MEX;DF;Necaxa;27-033;1996;23;23;2025;22.5;1;0;1;1;0;0;4;0;0.9;0.9;0.2;1.1;13;74;0;0.04;0.00;0.04;0.04;0.04;0.04;0.01;0.05;0.04;0.05
188;Nicolás Freire;ar ARG;DF;UNAM;28-362;1994;21;21;1872;20.8;1;0;1;1;0;0;5;1;0.5;0.5;0.3;0.8;6;85;3;0.05;0.00;0.05;0.05;0.05;0.03;0.02;0.04;0.02;0.04
189;Adonis Frías;ar ARG;DF;León;24-335;1998;3;2;192;2.1;0;0;0;0;0;0;0;0;0.3;0.3;0.3;0.6;1;10;0;0.00;0.00;0.00;0.00;0.00;0.15;0.12;0.27;0.15;0.27
190;Raymundo Fulgencio;mx MEX;MFFW;UANL;23-003;2000;17;10;884;9.8;1;2;3;1;0;0;4;0;1.3;1.3;1.3;2.7;32;26;95;0.10;0.20;0.31;0.10;0.31;0.14;0.13;0.27;0.14;0.27
191;Ramiro Funes Mori;ar ARG;DF;Cruz Azul;31-347;1991;13;13;1024;11.4;1;0;1;1;0;0;0;0;1.8;1.8;0.0;1.8;13;53;5;0.09;0.00;0.09;0.09;0.09;0.16;0.00;0.16;0.16;0.16
192;Rogelio Funes Mori;mx MEX;FW;Monterrey;31-347;1991;15;14;1186;13.2;9;3;12;7;2;3;3;0;8.9;6.5;1.9;8.4;16;20;73;0.68;0.23;0.91;0.53;0.76;0.67;0.15;0.82;0.49;0.64
193;Julio Furch;ar ARG;FW;Atlas;33-201;1989;16;14;1090;12.1;3;1;4;2;1;1;0;0;2.9;2.1;0.8;2.9;8;23;63;0.25;0.08;0.33;0.17;0.25;0.24;0.06;0.30;0.18;0.24
194;Alam Galindo;mx MEX;FW;Tijuana;21-270;2001;1;0;8;0.1;0;0;0;0;0;0;0;0;0.0;0.0;0.0;0.0;0;0;0;0.00;0.00;0.00;0.00;0.00;0.00;0.00;0.00;0.00;0.00
195;José Galindo;mx MEX;DF;UNAM;25-033;1998;13;13;966;10.7;0;0;0;0;0;0;5;0;0.1;0.1;0.2;0.4;4;18;5;0.00;0.00;0.00;0.00;0.00;0.01;0.02;0.03;0.01;0.03
196;Jesús Gallardo;mx MEX;DFFW;Monterrey;28-184;1994;22;14;1376;15.3;4;3;7;4;0;0;6;0;1.5;1.5;3.4;4.9;38;43;68;0.26;0.20;0.46;0.26;0.46;0.10;0.22;0.32;0.10;0.32
197;Brian García;mx MEX;DF;Toluca;25-107;1997;6;4;481;5.3;0;0;0;0;0;0;1;0;0.2;0.2;0.3;0.5;13;28;25;0.00;0.00;0.00;0.00;0.00;0.03;0.06;0.10;0.03;0.10
198;Brian García;mx MEX;DF;Necaxa;25-107;1997;17;17;1526;17.0;1;2;3;1;0;0;2;0;0.6;0.6;1.0;1.6;25;56;50;0.06;0.12;0.18;0.06;0.18;0.04;0.06;0.09;0.04;0.09
199;Denzell García;mx MEX;MF;FC Juárez;19-184;2003;10;6;531;5.9;1;0;1;1;0;0;0;0;0.2;0.2;0.2;0.3;2;26;4;0.17;0.00;0.17;0.17;0.17;0.03;0.03;0.05;0.03;0.05
200;Emiliano García;mx MEX;MF;Puebla;19-082;2003;2;0;14;0.2;0;0;0;0;0;0;0;0;0.0;0.0;0.0;0.0;2;2;4;0.00;0.00;0.00;0.00;0.00;0.00;0.13;0.13;0.00;0.13
201;Francisco García;mx MEX;FW;América;19-130;2003;1;0;13;0.1;0;0;0;0;0;0;0;0;0.0;0.0;0.0;0.0;0;0;1;0.00;0.00;0.00;0.00;0.00;0.00;0.00;0.00;0.00;0.00
202;Gilberto García;mx MEX;MF;Guadalajara;22-180;2000;1;0;14;0.2;0;0;0;0;0;0;0;0;0.0;0.0;0.0;0.0;0;2;1;0.00;0.00;0.00;0.00;0.00;0.00;0.00;0.00;0.00;0.00
203;Jorge García;mx MEX;MF;Cruz Azul;21-024;2002;1;0;19;0.2;0;0;0;0;0;0;1;0;0.0;0.0;0.0;0.0;1;0;1;0.00;0.00;0.00;0.00;0.00;0.00;0.00;0.00;0.00;0.00
204;José García;mx MEX;DF;Atlético;26-238;1996;3;1;180;2.0;0;0;0;0;0;0;1;0;0.1;0.1;0.0;0.1;0;3;0;0.00;0.00;0.00;0.00;0.00;0.05;0.00;0.05;0.05;0.05
205;Luis García;mx MEX;FW;Puebla;30-327;1992;11;2;218;2.4;0;2;2;0;0;0;0;0;;;;;;;;0.00;0.83;0.83;0.00;0.83;;;;;
206;Marco García;mx MEX;MF;UNAM;23-029;2000;16;3;415;4.6;0;0;0;0;0;0;0;0;0.5;0.5;0.3;0.9;11;34;15;0.00;0.00;0.00;0.00;0.00;0.11;0.07;0.18;0.11;0.18
207;Matías García;ar ARG;MFDF;FC Juárez;31-116;1991;14;10;816;9.1;1;0;1;1;0;0;4;0;0.5;0.5;1.1;1.6;16;37;36;0.11;0.00;0.11;0.11;0.11;0.06;0.12;0.17;0.06;0.17
208;Uziel García;mx MEX;DF;Atlético;21-312;2001;13;8;823;9.1;0;0;0;0;0;0;1;0;0.1;0.1;0.2;0.3;6;22;15;0.00;0.00;0.00;0.00;0.00;0.01;0.02;0.03;0.01;0.03
209;Bryan Garnica;mx MEX;MFFW;Necaxa;26-264;1996;22;18;1497;16.6;2;2;4;2;0;0;3;0;1.2;1.2;2.4;3.6;30;32;94;0.12;0.12;0.24;0.12;0.24;0.07;0.14;0.22;0.07;0.22
210;Jesús Garza;mx MEX;DF;UANL;22-254;2000;13;8;700;7.8;0;1;1;0;0;0;2;0;0.2;0.2;0.8;1.0;10;39;60;0.00;0.13;0.13;0.00;0.13;0.02;0.11;0.13;0.02;0.13
211;André-Pierre Gignac;fr FRA;FW;UANL;37-072;1985;24;24;2117;23.5;13;3;16;12;1;1;4;0;8.7;8.0;2.6;10.5;32;51;154;0.55;0.13;0.68;0.51;0.64;0.37;0.11;0.48;0.34;0.45
212;Milton Giménez;ar ARG;FW;Necaxa;26-187;1996;22;18;1496;16.6;4;2;6;4;0;0;4;0;3.6;3.6;1.9;5.4;24;29;94;0.24;0.12;0.36;0.24;0.36;0.22;0.11;0.33;0.22;0.33
213;Santiago Giménez;mx MEX;FW;Cruz Azul;21-303;2001;5;5;408;4.5;5;0;5;2;3;3;0;0;3.7;1.3;0.5;1.8;4;8;21;1.10;0.00;1.10;0.44;0.44;0.82;0.11;0.93;0.29;0.41
214;Rodrigo Godínez;mx MEX;DF;Tijuana;30-147;1992;6;6;537;6.0;0;0;0;0;0;0;3;0;0.3;0.3;0.1;0.4;5;34;16;0.00;0.00;0.00;0.00;0.00;0.05;0.02;0.07;0.05;0.07
215;Alejandro Gómez;mx MEX;DF;Atlas;21-015;2002;2;1;112;1.2;0;1;1;0;0;0;0;0;0.0;0.0;0.6;0.6;1;4;2;0.00;0.80;0.80;0.00;0.80;0.00;0.51;0.51;0.00;0.51
216;Diego Gómez;mx MEX;MFDF;Necaxa;19-158;2003;13;3;347;3.9;0;0;0;0;0;0;0;0;0.4;0.4;0.0;0.4;1;14;15;0.00;0.00;0.00;0.00;0.00;0.11;0.00;0.11;0.11;0.11
217;Enrique Gomez;mx MEX;MF;Toluca;19-022;2004;1;0;1;0.0;0;0;0;0;0;0;0;0;0.0;0.0;0.0;0.0;0;0;0;0.00;0.00;0.00;0.00;0.00;0.00;0.00;0.00;0.00;0.00
218;Jaime Gómez Valencia;mx MEX;MF;FC Juárez;29-213;1993;18;10;683;7.6;0;1;1;0;0;0;0;0;0.4;0.4;0.2;0.6;11;39;54;0.00;0.13;0.13;0.00;0.13;0.06;0.02;0.08;0.06;0.08
219;Alfonso González;mx MEX;MFFW;Monterrey;28-163;1994;23;18;1509;16.8;8;6;14;8;0;0;0;0;4.7;4.7;3.9;8.6;26;80;119;0.48;0.36;0.83;0.48;0.83;0.28;0.23;0.51;0.28;0.51
220;Bryan González;mx MEX;FWDF;Pachuca;19-311;2003;5;0;76;0.8;0;0;0;0;0;0;0;0;0.1;0.1;0.0;0.1;1;2;6;0.00;0.00;0.00;0.00;0.00;0.13;0.00;0.13;0.13;0.13
221;Pablo González Díaz;mx MEX;MF;Puebla;30-223;1992;3;0;15;0.2;0;0;0;0;0;0;1;0;0.0;0.0;0.0;0.0;0;1;0;0.00;0.00;0.00;0.00;0.00;0.12;0.00;0.12;0.12;0.12
222;Hugo González Durán;mx MEX;GK;Necaxa;32-198;1990;6;6;540;6.0;0;0;0;0;0;0;1;0;0.0;0.0;0.0;0.0;0;0;0;0.00;0.00;0.00;0.00;0.00;0.00;0.00;0.00;0.00;0.00
223;Carlos González Espínola;py PAR;FW;Toluca;30-011;1993;20;15;1246;13.8;3;1;4;3;0;0;0;0;3.6;3.6;0.5;4.1;10;17;50;0.22;0.07;0.29;0.22;0.29;0.26;0.04;0.30;0.26;0.30
224;Fernando González;mx MEX;MF;UANL;21-295;2001;1;0;13;0.1;0;1;1;0;0;0;0;0;0.0;0.0;0.0;0.1;1;2;1;0.00;6.92;6.92;0.00;6.92;0.24;0.32;0.56;0.24;0.56
225;Jair González;mx MEX;MFFW;Santos;20-348;2002;17;11;822;9.1;0;1;1;0;0;0;0;0;0.3;0.3;1.1;1.4;27;22;73;0.00;0.11;0.11;0.00;0.11;0.03;0.12;0.16;0.03;0.16
226;José González;mx MEX;FW;Guadalajara;24-088;1998;9;4;372;4.1;1;0;1;1;0;0;1;0;2.4;2.4;0.2;2.6;1;2;17;0.24;0.00;0.24;0.24;0.24;0.59;0.04;0.63;0.59;0.63
227;José González;mx MEX;FW;UNAM;18-095;2004;2;2;90;1.0;0;0;0;0;0;0;0;0;0.0;0.0;0.0;0.0;2;1;10;0.00;0.00;0.00;0.00;0.00;0.01;0.00;0.01;0.01;0.01
228;Lucas González;ar ARG;FWMF;Santos;22-257;2000;1;0;19;0.2;0;0;0;0;0;0;0;1;0.0;0.0;0.0;0.0;0;1;0;0.00;0.00;0.00;0.00;0.00;0.00;0.00;0.00;0.00;0.00
229;Fernando Gorriarán;uy URU;MF;Santos;28-080;1994;16;16;1374;15.3;3;5;8;0;3;3;8;0;3.5;1.2;2.2;3.4;25;133;59;0.20;0.33;0.52;0.00;0.33;0.23;0.14;0.38;0.08;0.22
230;Fernando Gorriarán;uy URU;MF;UANL;28-080;1994;7;7;551;6.1;1;2;3;1;0;0;0;0;1.5;1.5;2.1;3.6;11;36;59;0.16;0.33;0.49;0.16;0.49;0.24;0.34;0.59;0.24;0.59
231;Ismael Govea;mx MEX;DF;Tijuana;25-360;1997;17;16;1448;16.1;0;1;1;0;0;0;3;0;0.3;0.3;0.6;0.9;12;59;45;0.00;0.06;0.06;0.00;0.06;0.02;0.04;0.06;0.02;0.06
232;Omar Govea;mx MEX;MF;Monterrey;27-028;1996;5;0;76;0.8;0;0;0;0;0;0;1;0;0.1;0.1;0.2;0.2;0;6;2;0.00;0.00;0.00;0.00;0.00;0.07;0.19;0.27;0.07;0.27
233;Javier Güemez;mx MEX;MF;Atlético;31-121;1991;24;20;1748;19.4;1;2;3;1;0;0;4;0;0.4;0.4;1.3;1.7;4;98;14;0.05;0.10;0.15;0.05;0.15;0.02;0.07;0.09;0.02;0.09
234;Rafael Guerrero;mx MEX;DF;Cruz Azul;20-033;2003;10;7;657;7.3;0;0;0;0;0;0;0;0;0.1;0.1;0.0;0.1;2;17;0;0.00;0.00;0.00;0.00;0.00;0.01;0.00;0.01;0.01;0.01
235;Emanuel Gularte;uy URU;DF;Puebla;25-138;1997;11;11;990;11.0;2;0;2;2;0;0;3;0;1.0;1.0;0.2;1.2;7;22;5;0.18;0.00;0.18;0.18;0.18;0.09;0.02;0.11;0.09;0.11
236;Alexis Gutiérrez;mx MEX;MF;Cruz Azul;22-354;2000;4;3;283;3.1;0;0;0;0;0;0;0;0;0.1;0.1;0.1;0.1;4;13;7;0.00;0.00;0.00;0.00;0.00;0.02;0.02;0.04;0.02;0.04
237;Carlos Gutiérrez;mx MEX;DFFW;UNAM;24-010;1999;9;2;151;1.7;0;0;0;0;0;0;3;0;0.0;0.0;0.4;0.4;3;4;7;0.00;0.00;0.00;0.00;0.00;0.00;0.26;0.26;0.00;0.26
238;Edson Gutiérrez;mx MEX;DF;Monterrey;27-027;1996;10;6;586;6.5;0;0;0;0;0;0;0;0;0.1;0.1;0.1;0.2;5;15;20;0.00;0.00;0.00;0.00;0.00;0.02;0.01;0.03;0.02;0.03
239;Gustavo Gutiérrez;mx MEX;GK;Toluca;26-106;1996;2;2;180;2.0;0;0;0;0;0;0;0;0;0.0;0.0;0.0;0.0;0;0;0;0.00;0.00;0.00;0.00;0.00;0.00;0.00;0.00;0.00;0.00
240;Ricardo Gutiérrez;mx MEX;GK;Mazatlán;25-243;1997;6;5;495;5.5;0;0;0;0;0;0;0;0;0.0;0.0;0.0;0.0;0;0;0;0.00;0.00;0.00;0.00;0.00;0.00;0.01;0.01;0.00;0.01
241;Carlos Guzmán;mx MEX;DF;Toluca;28-272;1994;6;5;429;4.8;0;0;0;0;0;0;1;0;0.2;0.2;0.0;0.2;5;12;11;0.00;0.00;0.00;0.00;0.00;0.03;0.00;0.04;0.03;0.04
242;Carlos Guzmán;mx MEX;DF;Querétaro;28-272;1994;4;2;161;1.8;0;0;0;0;0;0;0;0;0.1;0.1;0.0;0.1;1;8;8;0.00;0.00;0.00;0.00;0.00;0.04;0.00;0.04;0.04;0.04
243;Nahuel Guzmán;ar ARG;GK;UANL;37-005;1986;23;23;2070;23.0;0;0;0;0;0;0;1;0;0.0;0.0;0.0;0.0;0;0;0;0.00;0.00;0.00;0.00;0.00;0.00;0.00;0.00;0.00;0.00
244;Víctor Guzmán;mx MEX;MFFW;Pachuca;28-012;1995;13;12;853;9.5;0;1;1;0;0;0;1;0;0.8;0.8;1.0;1.8;18;51;70;0.00;0.11;0.11;0.00;0.11;0.09;0.10;0.19;0.09;0.19
245;Víctor Guzmán;mx MEX;DF;Tijuana;20-345;2002;16;16;1395;15.5;1;0;1;1;0;0;1;0;0.5;0.5;0.0;0.5;8;27;3;0.06;0.00;0.06;0.06;0.06;0.03;0.00;0.03;0.03;0.03
246;Víctor Guzmán;mx MEX;MF;Guadalajara;28-012;1995;5;4;341;3.8;2;1;3;1;1;1;0;0;1.1;0.3;1.0;1.2;5;21;22;0.53;0.26;0.79;0.26;0.53;0.28;0.26;0.54;0.07;0.33
247;Víctor Guzmán;mx MEX;DF;Monterrey;20-345;2002;4;3;322;3.6;0;1;1;0;0;0;0;0;0.1;0.1;0.1;0.2;0;5;0;0.00;0.28;0.28;0.00;0.28;0.03;0.02;0.05;0.03;0.05
248;Abel Hernández;uy URU;FW;Atlético;32-191;1990;17;15;1267;14.1;8;0;8;6;2;2;2;0;5.2;3.6;0.8;4.4;4;17;45;0.57;0.00;0.57;0.43;0.43;0.37;0.05;0.42;0.26;0.31
249;Daniel Hernández;mx MEX;MF;Puebla;20-329;2002;1;0;13;0.1;0;0;0;0;0;0;0;0;0.0;0.0;0.0;0.0;0;0;0;0.00;0.00;0.00;0.00;0.00;0.00;0.00;0.00;0.00;0.00
250;Elías Hernández;mx MEX;MFFW;León;34-292;1988;10;2;220;2.4;0;0;0;0;0;0;0;0;0.5;0.5;1.2;1.7;11;12;30;0.00;0.00;0.00;0.00;0.00;0.20;0.50;0.69;0.20;0.69
251;Illian Hernandez;mx MEX;FWMF;Pachuca;22-309;2000;12;2;267;3.0;3;0;3;3;0;0;2;0;1.6;1.6;0.0;1.7;2;4;12;1.01;0.00;1.01;1.01;1.01;0.55;0.01;0.56;0.55;0.56
252;Jesús Hernández;mx MEX;FWMF;Pachuca;21-198;2001;14;13;827;9.2;0;1;1;0;0;0;2;0;0.7;0.7;1.3;2.0;20;19;99;0.00;0.11;0.11;0.00;0.11;0.08;0.14;0.22;0.08;0.22
253;Alberto Herrera;mx MEX;DFMF;Puebla;21-357;2001;5;0;51;0.6;0;0;0;0;0;0;1;0;0.0;0.0;0.1;0.1;2;0;5;0.00;0.00;0.00;0.00;0.00;0.00;0.14;0.14;0.00;0.14
254;Jonathan Herrera;mx MEX;MFFW;Atlas;21-268;2001;20;19;1437;16.0;4;2;6;4;0;0;2;0;3.7;3.7;2.9;6.6;39;43;71;0.25;0.13;0.38;0.25;0.38;0.23;0.18;0.41;0.23;0.41
255;Higor;br BRA;MF;UNAM;28-237;1994;15;13;1120;12.4;0;2;2;0;0;0;5;1;0.9;0.9;0.7;1.6;13;71;23;0.00;0.16;0.16;0.00;0.16;0.07;0.06;0.13;0.07;0.13
256;Marino Hinestroza;co COL;FWMF;Pachuca;20-222;2002;21;1;534;5.9;0;2;2;0;0;0;4;0;0.8;0.8;0.8;1.6;18;8;47;0.00;0.34;0.34;0.00;0.34;0.14;0.13;0.27;0.14;0.27
257;César Huerta;mx MEX;MFFW;UNAM;22-074;2000;16;7;775;8.6;0;2;2;0;0;0;2;0;0.8;0.8;1.5;2.4;37;23;43;0.00;0.23;0.23;0.00;0.23;0.10;0.18;0.27;0.10;0.27
258;Valber Huerta;cl CHI;DF;Toluca;29-173;1993;23;23;2070;23.0;2;0;2;2;0;0;2;0;1.3;1.3;0.1;1.4;6;88;6;0.09;0.00;0.09;0.09;0.09;0.06;0.00;0.06;0.06;0.06
259;Rodrigo Huescas;mx MEX;DFMF;Cruz Azul;19-150;2003;17;7;815;9.1;2;2;4;2;0;0;1;0;0.7;0.7;1.4;2.1;28;31;55;0.22;0.22;0.44;0.22;0.44;0.08;0.15;0.23;0.08;0.23
260;Avilés Hurtado;co COL;FWMF;Pachuca;35-301;1987;22;19;1500;16.7;3;7;10;3;0;0;6;0;1.8;1.8;5.0;6.8;95;69;131;0.18;0.42;0.60;0.18;0.60;0.11;0.30;0.41;0.11;0.41
261;Nicolás Ibáñez;ar ARG;FW;Pachuca;28-176;1994;18;16;1464;16.3;13;0;13;12;1;2;2;0;9.9;8.4;1.3;9.6;25;23;83;0.80;0.00;0.80;0.74;0.74;0.61;0.08;0.69;0.51;0.59
262;Nicolás Ibáñez;ar ARG;FWMF;UANL;28-176;1994;4;3;194;2.2;1;0;1;1;0;0;0;0;1.3;1.3;0.0;1.3;1;1;11;0.46;0.00;0.46;0.46;0.46;0.62;0.00;0.62;0.62;0.62
263;Javier Ibarra;mx MEX;MF;León;25-009;1998;5;0;69;0.8;0;0;0;0;0;0;0;0;0.2;0.2;0.0;0.2;2;2;2;0.00;0.00;0.00;0.00;0.00;0.27;0.00;0.27;0.27;0.27
264;Renato Ibarra;ec ECU;FWMF;Tijuana;32-026;1991;14;5;588;6.5;2;1;3;2;0;0;1;0;2.1;2.1;1.5;3.5;23;33;37;0.31;0.15;0.46;0.31;0.46;0.32;0.22;0.54;0.32;0.54
265;Romario Ibarra;ec ECU;FWMF;Pachuca;28-144;1994;8;6;404;4.5;1;0;1;1;0;0;1;1;0.7;0.7;0.2;0.8;20;7;42;0.22;0.00;0.22;0.22;0.22;0.15;0.03;0.19;0.15;0.19
266;Juan Ignacio Dinenno;ar ARG;FW;UNAM;28-171;1994;23;21;1887;21.0;11;3;14;9;2;3;5;0;12.0;9.7;1.5;11.1;19;33;122;0.52;0.14;0.67;0.43;0.57;0.57;0.07;0.64;0.46;0.53
267;Fernando Illescas;mx MEX;MFDF;Mazatlán;23-259;1999;4;0;35;0.4;1;0;1;1;0;0;0;0;0.2;0.2;0.0;0.2;0;0;5;2.57;0.00;2.57;2.57;2.57;0.39;0.00;0.39;0.39;0.39
268;Andrés Iniestra;mx MEX;MF;Atlético;26-341;1996;15;11;880;9.8;0;0;0;0;0;0;0;0;0.1;0.1;0.1;0.2;10;37;6;0.00;0.00;0.00;0.00;0.00;0.01;0.01;0.02;0.01;0.02
269;Jefferson Intriago;ec ECU;MF;Mazatlán;26-256;1996;21;21;1888;21.0;0;1;1;0;0;0;7;0;0.4;0.4;0.5;0.9;21;124;28;0.00;0.05;0.05;0.00;0.05;0.02;0.03;0.04;0.02;0.04
270;Hugo Isaác Rodríguez;mx MEX;DF;Santos;32-252;1990;21;20;1845;20.5;2;1;3;2;0;0;5;0;0.7;0.7;0.3;1.0;6;29;1;0.10;0.05;0.15;0.10;0.15;0.03;0.01;0.05;0.03;0.05
271;Mauricio Isais;mx MEX;DF;Pachuca;21-312;2001;22;22;1851;20.6;1;1;2;1;0;0;4;0;1.2;1.2;0.8;2.0;47;95;63;0.05;0.05;0.10;0.05;0.10;0.06;0.04;0.10;0.06;0.10
272;Omar Israel Mendoza;mx MEX;DF;Querétaro;34-110;1988;16;16;1256;14.0;0;1;1;0;0;0;6;1;0.1;0.1;0.6;0.7;17;54;25;0.00;0.07;0.07;0.00;0.07;0.01;0.05;0.05;0.01;0.05
273;Edgar Iván López;mx MEX;FW;Toluca;23-300;1999;5;2;219;2.4;0;0;0;0;0;0;0;0;;;;;;;;0.00;0.00;0.00;0.00;0.00;;;;;
274;Edgar Iván López;mx MEX;FW;Tijuana;23-300;1999;11;7;595;6.6;2;0;2;2;0;0;0;0;;;;;;;;0.30;0.00;0.30;0.30;0.30;;;;;
275;José Iván Rodríguez;mx MEX;MF;León;26-243;1996;22;19;1746;19.4;0;1;1;0;0;0;2;1;0.2;0.2;0.2;0.4;18;78;15;0.00;0.05;0.05;0.00;0.05;0.01;0.01;0.02;0.01;0.02
276;José de Jesús Godínez;mx MEX;FW;Necaxa;26-026;1997;11;1;220;2.4;0;0;0;0;0;0;1;0;0.2;0.2;0.5;0.7;3;4;17;0.00;0.00;0.00;0.00;0.00;0.08;0.20;0.28;0.08;0.28
277;Cristian Jiménez;mx MEX;MF;Cruz Azul;20-212;2002;1;0;45;0.5;0;0;0;0;0;0;0;0;0.1;0.1;0.0;0.1;0;2;0;0.00;0.00;0.00;0.00;0.00;0.15;0.00;0.15;0.15;0.15
278;Jaiber Jiménez;mx MEX;DF;Cruz Azul;28-039;1995;3;3;268;3.0;0;0;0;0;0;0;1;0;0.0;0.0;0.0;0.0;6;7;6;0.00;0.00;0.00;0.00;0.00;0.01;0.00;0.01;0.01;0.01
279;Oscar Jiménez;mx MEX;GK;América;34-126;1988;8;8;720;8.0;0;0;0;0;0;0;3;0;0.0;0.0;0.0;0.0;0;0;0;0.00;0.00;0.00;0.00;0.00;0.00;0.00;0.00;0.00;0.00
280;Miguel Jiménez Ponce;mx MEX;GK;Guadalajara;32-338;1990;23;23;2070;23.0;0;0;0;0;0;0;0;0;0.0;0.0;0.1;0.1;0;0;0;0.00;0.00;0.00;0.00;0.00;0.00;0.00;0.00;0.00;0.00
281;José Joaquín Esquivel;mx MEX;MF;Necaxa;25-039;1998;22;19;1677;18.6;0;0;0;0;0;0;9;0;0.2;0.2;0.4;0.6;8;78;9;0.00;0.00;0.00;0.00;0.00;0.01;0.02;0.03;0.01;0.03
282;José Joaquín Martínez;mx MEX;DF;Cruz Azul;35-358;1987;7;5;397;4.4;0;0;0;0;0;0;3;0;0.2;0.2;0.6;0.8;7;12;9;0.00;0.00;0.00;0.00;0.00;0.04;0.14;0.18;0.04;0.18
283;Julio José González;mx MEX;GK;UNAM;31-298;1991;15;15;1350;15.0;1;0;1;1;0;0;1;0;0.1;0.1;0.0;0.1;0;0;0;0.07;0.00;0.07;0.07;0.07;0.01;0.00;0.01;0.01;0.01
284;Alberto Joshimar Acosta;mx MEX;DF;FC Juárez;34-354;1988;12;12;872;9.7;0;0;0;0;0;0;5;2;0.1;0.1;0.1;0.2;16;53;20;0.00;0.00;0.00;0.00;0.00;0.01;0.01;0.02;0.01;0.02
285;Joao Joshimar Rojas;ec ECU;MF;Monterrey;25-183;1997;2;0;31;0.3;0;1;1;0;0;0;0;0;0.0;0.0;0.1;0.1;2;2;5;0.00;2.90;2.90;0.00;2.90;0.00;0.27;0.27;0.00;0.27
286;José Juan Vázquez;mx MEX;MF;Tijuana;34-338;1988;22;19;1554;17.3;0;0;0;0;0;0;3;0;0.3;0.3;0.2;0.5;5;68;22;0.00;0.00;0.00;0.00;0.00;0.01;0.01;0.03;0.01;0.03
287;Ramón Juárez;mx MEX;DF;Atlético;21-282;2001;10;8;723;8.0;0;0;0;0;0;0;2;0;0.6;0.6;0.0;0.6;0;4;0;0.00;0.00;0.00;0.00;0.00;0.08;0.00;0.08;0.08;0.08
288;Heriberto Jurado;mx MEX;MFFW;Necaxa;18-043;2005;17;3;494;5.5;0;1;1;0;0;0;1;0;0.2;0.2;0.7;0.9;10;4;29;0.00;0.18;0.18;0.00;0.18;0.04;0.13;0.17;0.04;0.17
289;Sebastián Jurado;mx MEX;GK;Cruz Azul;25-140;1997;10;10;899;10.0;0;0;0;0;0;0;1;1;0.0;0.0;0.0;0.0;0;0;0;0.00;0.00;0.00;0.00;0.00;0.00;0.00;0.00;0.00;0.00
290;Mateo Klimowicz;de GER;FWMF;Atlético;22-224;2000;4;0;86;1.0;0;1;1;0;0;0;0;0;0.3;0.3;0.7;1.0;6;5;5;0.00;1.05;1.05;0.00;1.05;0.27;0.75;1.02;0.27;1.02
291;Matías Kranevitter;ar ARG;MF;Monterrey;29-270;1993;15;8;737;8.2;0;0;0;0;0;0;3;0;0.1;0.1;0.1;0.2;8;38;2;0.00;0.00;0.00;0.00;0.00;0.02;0.01;0.03;0.02;0.03
292;Roberto de la Rosa;mx MEX;FWMF;Pachuca;23-042;2000;16;10;850;9.4;2;0;2;1;1;1;0;0;3.8;3.0;0.2;3.2;14;15;63;0.21;0.00;0.21;0.11;0.11;0.40;0.02;0.43;0.32;0.34
293;Diego Lainez;mx MEX;MFFW;UANL;22-251;2000;3;0;93;1.0;0;0;0;0;0;0;1;0;0.3;0.3;0.0;0.4;9;6;5;0.00;0.00;0.00;0.00;0.00;0.31;0.05;0.36;0.31;0.36
294;Mauro Laínez;mx MEX;FWMF;FC Juárez;26-282;1996;22;3;615;6.8;1;1;2;1;0;0;4;0;0.6;0.6;0.6;1.2;33;20;55;0.15;0.15;0.29;0.15;0.29;0.09;0.09;0.18;0.09;0.18
295;Emilio Lara;mx MEX;DF;América;20-273;2002;20;18;1588;17.6;1;3;4;1;0;0;2;0;0.5;0.5;1.0;1.4;26;45;78;0.06;0.17;0.23;0.06;0.23;0.03;0.05;0.08;0.03;0.08
296;Israel Larios;mx MEX;MF;Atlas;19-280;2003;1;0;7;0.1;0;0;0;0;0;0;0;0;0.0;0.0;0.0;0.0;0;0;1;0.00;0.00;0.00;0.00;0.00;0.00;0.00;0.00;0.00;0.00
297;Miguel Layún;mx MEX;DFFW;América;34-235;1988;15;8;856;9.5;0;6;6;0;0;0;2;0;0.4;0.4;2.9;3.3;14;35;78;0.00;0.63;0.63;0.00;0.63;0.04;0.31;0.35;0.04;0.35
298;Federico Lértora;ar ARG;MF;Tijuana;32-225;1990;20;20;1799;20.0;1;0;1;1;0;0;7;1;1.9;1.9;0.6;2.4;18;88;26;0.05;0.00;0.05;0.05;0.05;0.09;0.03;0.12;0.09;0.12
299;Dario Lezcano;py PAR;FWMF;FC Juárez;32-230;1990;14;4;433;4.8;4;0;4;4;0;0;1;0;1.4;1.4;0.1;1.5;3;6;30;0.83;0.00;0.83;0.83;0.83;0.28;0.03;0.31;0.28;0.31
300;Igor Lichnovsky;cl CHI;DF;UANL;28-345;1994;22;20;1782;19.8;0;0;0;0;0;0;8;0;0.7;0.7;0.5;1.1;15;68;3;0.00;0.00;0.00;0.00;0.00;0.03;0.02;0.06;0.03;0.06
301;Erik Lira;mx MEX;MF;Cruz Azul;22-283;2000;20;18;1559;17.3;0;1;1;0;0;0;2;0;0.4;0.4;0.5;0.8;7;77;19;0.00;0.06;0.06;0.00;0.06;0.02;0.03;0.05;0.02;0.05
302;Aldo Llanas;;MF;Toluca;;;2;0;2;0.0;0;0;0;0;0;0;0;0;0.0;0.0;0.0;0.0;0;0;0;0.00;0.00;0.00;0.00;0.00;0.00;0.00;0.00;0.00;0.00
303;Aldo López;mx MEX;MF;Santos;22-268;2000;17;7;741;8.2;0;0;0;0;0;0;0;0;0.2;0.2;0.1;0.3;2;20;9;0.00;0.00;0.00;0.00;0.00;0.02;0.01;0.04;0.02;0.04
304;Gabriel López;mx MEX;FWMF;Mazatlán;20-005;2003;2;0;24;0.3;1;0;1;1;0;0;0;0;0.1;0.1;0.0;0.1;1;2;1;3.75;0.00;3.75;3.75;3.75;0.25;0.00;0.25;0.25;0.25
305;Raúl López Gómez;mx MEX;DFMF;Santos;29-357;1993;6;6;464;5.2;0;1;1;0;0;0;0;0;0.2;0.2;0.4;0.6;10;9;21;0.00;0.19;0.19;0.00;0.19;0.04;0.08;0.12;0.04;0.12
306;Raúl López Gómez;mx MEX;DF;Toluca;29-357;1993;10;7;566;6.3;0;0;0;0;0;0;0;0;0.2;0.2;0.5;0.7;8;15;22;0.00;0.00;0.00;0.00;0.00;0.02;0.08;0.11;0.02;0.11
307;Leonel López;mx MEX;MF;Tijuana;28-267;1994;3;0;124;1.4;0;0;0;0;0;0;0;0;0.0;0.0;0.2;0.3;4;18;3;0.00;0.00;0.00;0.00;0.00;0.03;0.16;0.19;0.03;0.19
308;Leonel López;mx MEX;MF;UNAM;28-267;1994;14;11;844;9.4;0;4;4;0;0;0;6;0;0.4;0.4;1.5;1.9;17;82;25;0.00;0.43;0.43;0.00;0.43;0.04;0.16;0.20;0.04;0.20
309;Lisandro López;ar ARG;DF;Tijuana;33-167;1989;17;17;1454;16.2;3;0;3;1;2;3;4;0;3.1;0.8;0.4;1.2;13;66;2;0.19;0.00;0.19;0.06;0.06;0.19;0.03;0.22;0.05;0.07
310;Nicolás López;uy URU;FWMF;UANL;29-137;1993;13;5;418;4.6;1;3;4;1;0;0;4;0;1.1;1.1;1.7;2.8;8;24;43;0.22;0.65;0.86;0.22;0.86;0.23;0.36;0.60;0.23;0.60
311;Rodrigo López;mx MEX;MF;Querétaro;35-133;1987;18;12;950;10.6;1;0;1;1;0;0;5;0;1.0;1.0;0.9;1.8;17;50;35;0.09;0.00;0.09;0.09;0.09;0.09;0.08;0.17;0.09;0.17
312;Vladimir Loroña;mx MEX;DFMF;UANL;24-091;1998;11;8;612;6.8;0;1;1;0;0;0;1;0;0.0;0.0;0.8;0.8;12;21;29;0.00;0.15;0.15;0.00;0.15;0.00;0.11;0.11;0.00;0.11
313;Augusto Lotti;it ITA;FWMF;Cruz Azul;26-250;1996;4;0;114;1.3;0;0;0;0;0;0;0;0;0.4;0.4;0.0;0.5;1;2;6;0.00;0.00;0.00;0.00;0.00;0.34;0.03;0.37;0.34;0.37
314;Brian Lozano;uy URU;MFDF;Santos;28-357;1994;2;1;109;1.2;1;1;2;0;1;1;0;0;0.9;0.1;0.7;0.9;5;2;3;0.83;0.83;1.65;0.00;0.83;0.75;0.61;1.36;0.10;0.71
315;Brian Lozano;uy URU;MF;Atlas;28-357;1994;6;2;232;2.6;1;0;1;1;0;0;1;0;0.4;0.4;0.2;0.6;11;20;26;0.39;0.00;0.39;0.39;0.39;0.15;0.09;0.24;0.15;0.24
316;Esteban Lozano;mx MEX;MF;América;19-342;2003;1;0;14;0.2;0;0;0;0;0;0;0;0;0.0;0.0;0.0;0.0;0;0;1;0.00;0.00;0.00;0.00;0.00;0.21;0.00;0.21;0.21;0.21
317;José Lozano;mx MEX;DFMF;Santos;24-133;1998;6;0;103;1.1;1;0;1;1;0;0;0;0;0.7;0.7;0.0;0.7;1;4;5;0.87;0.00;0.87;0.87;0.87;0.59;0.00;0.59;0.59;0.59
318;Lucao;br BRA;DF;Puebla;29-357;1993;20;15;1372;15.2;0;1;1;0;0;0;6;0;0.5;0.5;0.5;1.0;6;35;12;0.00;0.07;0.07;0.00;0.07;0.04;0.03;0.07;0.04;0.07
319;Israel Luna;mx MEX;FWMF;Pachuca;20-329;2002;16;3;464;5.2;2;0;2;2;0;0;2;0;0.7;0.7;0.1;0.9;16;15;26;0.39;0.00;0.39;0.39;0.39;0.14;0.03;0.17;0.14;0.17
320;Darwin Machís;ve VEN;FWMF;FC Juárez;30-008;1993;10;7;510;5.7;1;0;1;0;1;1;1;0;1.3;0.5;0.3;0.9;8;22;39;0.18;0.00;0.18;0.00;0.00;0.23;0.06;0.29;0.09;0.15
321;Fernando Madrigal;mx MEX;MF;Necaxa;31-095;1991;22;16;1478;16.4;1;1;2;1;0;0;2;0;1.6;1.6;1.9;3.5;31;68;46;0.06;0.06;0.12;0.06;0.12;0.09;0.12;0.21;0.09;0.21
322;José Madueña;mx MEX;DF;Querétaro;32-262;1990;5;3;328;3.6;0;1;1;0;0;0;0;0;0.1;0.1;0.1;0.2;9;14;11;0.00;0.27;0.27;0.00;0.27;0.03;0.03;0.05;0.03;0.05
323;Luis Malagón;mx MEX;GK;Necaxa;25-350;1997;17;17;1530;17.0;0;0;0;0;0;0;4;0;0.0;0.0;0.0;0.0;0;0;0;0.00;0.00;0.00;0.00;0.00;0.00;0.00;0.00;0.00;0.00
324;Joshua Mancha;mx MEX;FW;Santos;18-133;2004;1;0;9;0.1;0;0;0;0;0;0;0;0;0.0;0.0;0.0;0.0;0;0;0;0.00;0.00;0.00;0.00;0.00;0.00;0.00;0.00;0.00;0.00
325;Federico Mancuello;ar ARG;MF;Puebla;33-326;1989;24;24;2016;22.4;2;5;7;2;0;0;4;0;1.2;1.2;3.6;4.8;36;140;42;0.09;0.22;0.31;0.09;0.31;0.05;0.16;0.22;0.05;0.22
326;Mauro Manotas;co COL;FW;Atlas;27-215;1995;1;0;25;0.3;0;0;0;0;0;0;0;0;0.0;0.0;0.0;0.0;0;0;3;0.00;0.00;0.00;0.00;0.00;0.00;0.00;0.00;0.00;0.00
327;Óscar Manzanarez;mx MEX;DF;Santos;27-297;1995;1;1;82;0.9;0;0;0;0;0;0;0;0;0.0;0.0;0.0;0.0;1;0;0;0.00;0.00;0.00;0.00;0.00;0.00;0.00;0.00;0.00;0.00
328;Javier Marcelo Correa;ar ARG;FWMF;Santos;30-115;1992;21;11;1175;13.1;8;0;8;8;0;0;4;1;5.4;5.4;0.8;6.2;26;31;70;0.61;0.00;0.61;0.61;0.61;0.41;0.06;0.47;0.41;0.47
329;Jahaziel Marchand;mx MEX;MF;Pachuca;21-140;2001;3;1;48;0.5;0;0;0;0;0;0;1;0;0.0;0.0;0.0;0.0;0;1;0;0.00;0.00;0.00;0.00;0.00;0.00;0.00;0.00;0.00;0.00
330;Salvador Mariscal;mx MEX;MFFW;Santos;19-299;2003;3;0;16;0.2;0;0;0;0;0;0;0;0;0.0;0.0;0.0;0.0;0;0;0;0.00;0.00;0.00;0.00;0.00;0.00;0.00;0.00;0.00;0.00
331;Ángel Márquez;mx MEX;MF;Atlas;22-239;2000;21;13;1106;12.3;1;1;2;1;0;0;1;0;0.8;0.8;1.9;2.7;9;60;31;0.08;0.08;0.16;0.08;0.16;0.07;0.15;0.22;0.07;0.22
332;Henry Martín;mx MEX;FW;América;30-089;1992;24;19;1683;18.7;19;7;26;15;4;5;1;0;13.4;9.5;3.8;13.2;17;37;106;1.02;0.37;1.39;0.80;1.18;0.72;0.20;0.92;0.51;0.71
333;Alejandro Martínez;ar ARG;MFFW;Tijuana;25-305;1997;4;1;181;2.0;0;0;0;0;0;0;0;0;0.7;0.7;0.2;0.9;14;9;36;0.00;0.00;0.00;0.00;0.00;0.34;0.11;0.45;0.34;0.45
334;Guillermo Martínez Ayala;mx MEX;FWMF;Puebla;27-337;1995;11;2;280;3.1;2;1;3;2;0;0;2;1;1.2;1.2;0.3;1.5;0;5;11;0.64;0.32;0.96;0.64;0.96;0.38;0.10;0.48;0.38;0.48
335;Enzo Martínez;uy URU;DF;Querétaro;24-292;1998;7;7;556;6.2;0;0;0;0;0;0;4;0;0.2;0.2;0.0;0.3;4;23;0;0.00;0.00;0.00;0.00;0.00;0.04;0.01;0.04;0.04;0.04
336;Federico Martínez;uy URU;FWMF;León;26-352;1996;10;7;493;5.5;2;0;2;2;0;0;0;0;0.3;0.3;0.6;0.9;11;11;25;0.37;0.00;0.37;0.37;0.37;0.06;0.12;0.17;0.06;0.17
337;Emilio Martínez González;mx MEX;DF;Puebla;20-013;2003;14;11;860;9.6;0;0;0;0;0;0;3;0;0.2;0.2;0.2;0.3;5;16;16;0.00;0.00;0.00;0.00;0.00;0.02;0.02;0.04;0.02;0.04
338;Jaziel Martínez;mx MEX;MF;Atlas;22-135;2000;6;4;350;3.9;0;1;1;0;0;0;0;0;0.2;0.2;0.4;0.6;4;22;8;0.00;0.26;0.26;0.00;0.26;0.05;0.10;0.15;0.05;0.15
339;Jaziel Martínez;mx MEX;MFFW;Monterrey;22-135;2000;2;0;7;0.1;1;0;1;1;0;0;0;0;0.1;0.1;0.0;0.1;0;0;1;12.86;0.00;12.86;12.86;12.86;1.40;0.00;1.40;1.40;1.40
340;Juan Martínez;mx MEX;DF;Atlético;24-011;1999;3;2;115;1.3;0;0;0;0;0;0;1;1;0.0;0.0;0.0;0.0;0;2;2;0.00;0.00;0.00;0.00;0.00;0.00;0.00;0.00;0.00;0.00
341;Roger Martínez;co COL;MFFW;América;28-237;1994;10;3;290;3.2;3;0;3;3;0;0;1;0;0.9;0.9;0.4;1.2;16;23;27;0.93;0.00;0.93;0.93;0.93;0.27;0.11;0.38;0.27;0.38
342;Román Martínez;mx MEX;FWMF;América;20-181;2002;3;1;102;1.1;0;0;0;0;0;0;1;0;0.2;0.2;0.1;0.3;2;1;9;0.00;0.00;0.00;0.00;0.00;0.16;0.12;0.27;0.16;0.27
343;Sebastián Martínez;mx MEX;MF;América;19-296;2003;1;0;5;0.1;0;0;0;0;0;0;0;0;0.0;0.0;0.0;0.0;0;0;0;0.00;0.00;0.00;0.00;0.00;0.00;0.00;0.00;0.00;0.00
344;Alejandro Mayorga;mx MEX;DF;Cruz Azul;25-262;1997;5;5;430;4.8;0;0;0;0;0;0;1;0;0.1;0.1;0.2;0.3;3;14;9;0.00;0.00;0.00;0.00;0.00;0.02;0.04;0.06;0.02;0.06
345;Alejandro Mayorga;mx MEX;DF;Guadalajara;25-262;1997;5;3;286;3.2;1;0;1;1;0;0;1;0;0.5;0.5;0.1;0.5;14;19;10;0.31;0.00;0.31;0.31;0.31;0.14;0.03;0.17;0.14;0.17
346;Alan Medina;mx MEX;MFFW;FC Juárez;25-180;1997;21;14;1332;14.8;5;2;7;5;0;0;1;0;2.4;2.4;1.0;3.4;76;59;116;0.34;0.14;0.47;0.34;0.47;0.16;0.06;0.23;0.16;0.23
347;Diego Medina;mx MEX;MFFW;Santos;21-340;2001;14;5;519;5.8;3;0;3;3;0;0;1;0;1.5;1.5;0.3;1.8;18;20;34;0.52;0.00;0.52;0.52;0.52;0.26;0.06;0.32;0.26;0.32
348;Stefan Medina;co COL;DF;Monterrey;30-246;1992;21;21;1855;20.6;2;0;2;2;0;0;8;0;0.7;0.7;0.7;1.4;14;53;22;0.10;0.00;0.10;0.10;0.10;0.03;0.04;0.07;0.03;0.07
349;Ángel Mena;ec ECU;MF;León;35-025;1988;20;14;1103;12.3;3;4;7;1;2;2;1;0;3.7;2.1;1.7;3.8;45;67;87;0.24;0.33;0.57;0.08;0.41;0.30;0.14;0.44;0.17;0.31
350;Édgar Méndez;es ESP;FWMF;Necaxa;33-044;1990;13;8;682;7.6;1;0;1;1;0;1;7;1;1.9;1.1;0.3;1.4;17;20;62;0.13;0.00;0.13;0.13;0.13;0.24;0.04;0.28;0.14;0.18
351;Jean Meneses;cl CHI;MFFW;Toluca;29-336;1993;23;22;1868;20.8;7;5;12;7;0;0;4;0;5.0;5.0;4.1;9.2;67;88;158;0.34;0.24;0.58;0.34;0.58;0.24;0.20;0.44;0.24;0.44
352;Roberto Meraz;mx MEX;MF;Mazatlán;23-195;1999;19;15;1283;14.3;1;1;2;1;0;0;4;1;0.8;0.8;0.6;1.4;4;41;20;0.07;0.07;0.14;0.07;0.14;0.05;0.04;0.10;0.05;0.10
353;Jorge Meré;es ESP;DF;Mazatlán;25-304;1997;6;5;406;4.5;0;0;0;0;0;0;0;0;0.0;0.0;0.0;0.0;1;4;0;0.00;0.00;0.00;0.00;0.00;0.00;0.00;0.00;0.00;0.00
354;Sabin Merino;es ESP;FW;Atlético;31-042;1992;14;2;251;2.8;2;0;2;1;1;1;0;0;1.3;0.5;0.0;0.5;6;5;19;0.72;0.00;0.72;0.36;0.36;0.46;0.01;0.47;0.18;0.19
355;Maximiliano Meza;ar ARG;MFFW;Monterrey;30-062;1992;20;16;1391;15.5;1;4;5;1;0;0;5;0;2.0;2.0;3.5;5.5;50;91;65;0.06;0.26;0.32;0.06;0.32;0.13;0.23;0.35;0.13;0.35
356;Hiram Mier;mx MEX;DF;Guadalajara;33-174;1989;5;4;326;3.6;0;0;0;0;0;0;0;0;0.0;0.0;0.2;0.2;1;10;0;0.00;0.00;0.00;0.00;0.00;0.00;0.05;0.05;0.00;0.05
357;Jesús Molina;mx MEX;MF;UNAM;34-323;1988;4;4;348;3.9;0;0;0;0;0;0;1;0;0.1;0.1;0.5;0.5;1;6;1;0.00;0.00;0.00;0.00;0.00;0.01;0.13;0.14;0.01;0.14
358;Tomás Molina;ar ARG;FW;FC Juárez;27-309;1995;4;3;288;3.2;3;0;3;3;0;0;1;0;1.8;1.8;0.1;1.9;6;5;19;0.94;0.00;0.94;0.94;0.94;0.57;0.03;0.60;0.57;0.60
359;Ricardo Monreal;mx MEX;FWMF;Necaxa;22-005;2001;15;1;307;3.4;1;2;3;1;0;0;0;0;0.3;0.3;0.7;1.0;5;10;27;0.29;0.59;0.88;0.29;0.88;0.09;0.21;0.30;0.09;0.30
360;Andres Montaño;mx MEX;MFFW;Mazatlán;20-269;2002;10;4;404;4.5;0;0;0;0;0;0;0;0;0.8;0.8;0.7;1.5;6;29;10;0.00;0.00;0.00;0.00;0.00;0.18;0.15;0.33;0.18;0.33
361;Joaquín Montecinos;cl CHI;FW;Tijuana;27-070;1995;21;16;1195;13.3;1;3;4;1;0;0;4;0;1.9;1.9;1.6;3.6;34;33;121;0.08;0.23;0.30;0.08;0.30;0.15;0.12;0.27;0.15;0.27
362;César Montes;mx MEX;DF;Monterrey;25-356;1997;13;8;772;8.6;0;0;0;0;0;0;4;0;0.1;0.1;0.3;0.4;5;23;1;0.00;0.00;0.00;0.00;0.00;0.02;0.03;0.05;0.02;0.05
363;Luis Montes;mx MEX;MF;León;36-276;1986;14;12;871;9.7;0;0;0;0;0;0;4;0;0.7;0.7;1.7;2.4;18;64;29;0.00;0.00;0.00;0.00;0.00;0.07;0.18;0.25;0.07;0.25
364;Adrián Mora;mx MEX;DF;FC Juárez;25-184;1997;1;0;27;0.3;0;0;0;0;0;0;0;0;0.0;0.0;0.0;0.0;0;2;0;0.00;0.00;0.00;0.00;0.00;0.00;0.00;0.00;0.00;0.00
365;Iván Morales Bravo;cl CHI;FWDF;Cruz Azul;23-201;1999;11;2;254;2.8;1;0;1;1;0;0;1;1;0.1;0.1;0.2;0.3;4;3;12;0.35;0.00;0.35;0.35;0.35;0.05;0.08;0.12;0.05;0.12
366;Carlos Moreno;mx MEX;GK;Pachuca;25-017;1998;3;2;225;2.5;0;0;0;0;0;0;2;0;0.0;0.0;0.0;0.0;0;0;0;0.00;0.00;0.00;0.00;0.00;0.00;0.00;0.00;0.00;0.00
367;Héctor Moreno;mx MEX;DF;Monterrey;35-029;1988;21;16;1445;16.1;0;0;0;0;0;0;2;0;1.0;0.8;0.5;1.3;11;61;3;0.00;0.00;0.00;0.00;0.00;0.06;0.03;0.10;0.05;0.08
368;Iker Moreno;mx MEX;FW;América;19-154;2003;1;0;51;0.6;0;0;0;0;0;0;0;0;0.2;0.2;0.0;0.2;1;2;4;0.00;0.00;0.00;0.00;0.00;0.36;0.00;0.36;0.36;0.36
369;Iván Moreno;mx MEX;MFFW;Puebla;25-029;1998;16;9;774;8.6;0;0;0;0;0;0;1;0;1.0;1.0;0.4;1.4;32;23;47;0.00;0.00;0.00;0.00;0.00;0.11;0.05;0.16;0.11;0.16
370;Iván Moreno;mx MEX;DF;León;25-029;1998;6;5;475;5.3;0;2;2;0;0;0;0;0;0.7;0.7;0.9;1.6;15;15;32;0.00;0.38;0.38;0.00;0.38;0.13;0.16;0.29;0.13;0.29
371;Omar Moreno;mx MEX;MF;Mazatlán;18-016;2005;2;0;40;0.4;0;0;0;0;0;0;0;0;0.1;0.1;0.0;0.1;1;1;2;0.00;0.00;0.00;0.00;0.00;0.14;0.00;0.14;0.14;0.14
372;Yairo Moreno;co COL;MFDF;León;27-317;1995;23;15;1360;15.1;3;2;5;3;0;0;1;0;2.0;2.0;2.3;4.2;68;79;92;0.20;0.13;0.33;0.20;0.33;0.13;0.15;0.28;0.13;0.28
373;Andrés Mosquera Guardia;co COL;DF;Toluca;32-360;1990;20;20;1799;20.0;1;2;3;1;0;0;1;0;1.3;1.3;0.5;1.8;13;44;30;0.05;0.10;0.15;0.05;0.15;0.06;0.03;0.09;0.06;0.09
374;Alan Mozo;mx MEX;DFFW;Guadalajara;25-316;1997;17;10;1064;11.8;0;0;0;0;0;0;2;0;0.1;0.1;0.8;0.9;30;40;89;0.00;0.00;0.00;0.00;0.00;0.01;0.07;0.08;0.01;0.08
375;Zahid Muñoz;mx MEX;MFFW;Atlético;22-017;2001;3;0;45;0.5;1;0;1;1;0;0;1;0;0.1;0.1;0.0;0.1;2;5;2;2.00;0.00;2.00;2.00;2.00;0.16;0.00;0.16;0.16;0.16
376;Jhon Murillo;ve VEN;FWMF;Atlético;27-256;1995;23;19;1618;18.0;1;2;3;1;0;0;5;0;;;;;;;;0.06;0.11;0.17;0.06;0.17;;;;;
377;Óscar Murillo;co COL;DF;Pachuca;34-303;1988;12;10;840;9.3;0;0;0;0;0;0;3;1;0.1;0.1;0.1;0.1;0;17;2;0.00;0.00;0.00;0.00;0.00;0.01;0.01;0.01;0.01;0.01
378;Ariel Nahuelpán;ar ARG;FW;Querétaro;35-123;1987;15;10;924;10.3;4;0;4;3;1;1;0;0;3.4;2.7;1.0;3.7;4;21;44;0.39;0.00;0.39;0.29;0.29;0.34;0.10;0.43;0.26;0.36
379;Ariel Nahuelpán;ar ARG;FW;Mazatlán;35-123;1987;5;5;377;4.2;1;0;1;1;0;0;1;0;1.0;1.0;0.1;1.1;2;7;19;0.24;0.00;0.24;0.24;0.24;0.24;0.02;0.27;0.24;0.27
380;José Navarro;mx MEX;MF;UNAM;19-360;2003;1;0;1;0.0;0;0;0;0;0;0;1;0;0.0;0.0;0.0;0.0;0;0;0;0.00;0.00;0.00;0.00;0.00;0.00;0.00;0.00;0.00;0.00
381;Fernando Navarro Morán;mx MEX;MFFW;Toluca;33-303;1989;23;17;1512;16.8;2;3;5;2;0;0;2;0;2.2;2.2;2.9;5.1;28;84;79;0.12;0.18;0.30;0.12;0.30;0.13;0.17;0.30;0.13;0.30
382;Hugo Nervo;ar ARG;DF;Atlas;32-040;1991;21;21;1832;20.4;1;1;2;1;0;0;1;1;0.5;0.5;0.8;1.3;0;26;4;0.05;0.05;0.10;0.05;0.10;0.02;0.04;0.06;0.02;0.06
383;Francisco Nevarez;mx MEX;DF;FC Juárez;22-074;2000;13;7;760;8.4;0;0;0;0;0;0;2;0;0.2;0.2;0.6;0.7;15;34;32;0.00;0.00;0.00;0.00;0.00;0.02;0.07;0.09;0.02;0.09
384;Alberto Ocejo;mx MEX;FW;Atlas;24-244;1998;15;7;591;6.6;1;1;2;1;0;0;1;0;2.8;2.8;1.1;3.9;8;12;37;0.15;0.15;0.30;0.15;0.30;0.43;0.17;0.60;0.43;0.60
385;Guillermo Ochoa;mx MEX;GK;América;37-217;1985;16;16;1440;16.0;0;0;0;0;0;0;0;0;0.0;0.0;0.0;0.0;0;0;0;0.00;0.00;0.00;0.00;0.00;0.00;0.00;0.00;0.00;0.00
386;Luis Olivas;mx MEX;DF;Guadalajara;23-005;2000;15;15;1278;14.2;1;0;1;1;0;0;2;1;1.2;1.2;0.1;1.3;8;33;0;0.07;0.00;0.07;0.07;0.07;0.08;0.01;0.09;0.08;0.09
387;Maximiliano Olivera;uy URU;DF;FC Juárez;30-347;1992;23;23;2042;22.7;1;4;5;1;0;0;2;0;1.1;1.1;2.3;3.3;29;126;46;0.04;0.18;0.22;0.04;0.22;0.05;0.10;0.15;0.05;0.15
388;Agustín Oliveros;uy URU;DF;Necaxa;24-182;1998;23;22;1957;21.7;2;0;2;2;0;0;6;0;0.9;0.9;0.5;1.3;8;74;20;0.09;0.00;0.09;0.09;0.09;0.04;0.02;0.06;0.04;0.06
389;Alejandro Organista;mx MEX;FWMF;Atlético;22-258;2000;2;0;25;0.3;0;0;0;0;0;0;0;0;0.0;0.0;0.0;0.1;0;1;1;0.00;0.00;0.00;0.00;0.00;0.10;0.08;0.18;0.10;0.18
390;Santiago Ormeño;pe PER;FW;FC Juárez;29-011;1994;1;0;15;0.2;0;0;0;0;0;0;0;0;0.0;0.0;0.0;0.0;0;0;0;0.00;0.00;0.00;0.00;0.00;0.00;0.00;0.00;0.00;0.00
391;Santiago Ormeño;pe PER;FWDF;Guadalajara;29-011;1994;12;2;386;4.3;1;0;1;1;0;0;1;0;2.0;2.0;0.3;2.2;2;4;16;0.23;0.00;0.23;0.23;0.23;0.46;0.06;0.52;0.46;0.52
392;Efraín Orona;mx MEX;DF;Mazatlán;23-358;1999;11;8;765;8.5;0;0;0;0;0;0;1;0;0.0;0.0;0.3;0.3;3;23;3;0.00;0.00;0.00;0.00;0.00;0.00;0.03;0.03;0.00;0.03
393;Jonathan Orozco;mx MEX;GK;Tijuana;36-279;1986;17;17;1530;17.0;0;0;0;0;0;0;1;0;0.0;0.0;0.0;0.0;0;0;0;0.00;0.00;0.00;0.00;0.00;0.00;0.00;0.00;0.00;0.00
394;Carlos Orrantía;mx MEX;DF;Santos;32-014;1991;16;15;1228;13.6;1;5;6;1;0;0;1;0;0.2;0.2;1.7;1.9;15;53;50;0.07;0.37;0.44;0.07;0.44;0.02;0.12;0.14;0.02;0.14
395;Carlos Orrantía;mx MEX;FWDF;Toluca;32-014;1991;3;3;157;1.7;1;0;1;1;0;0;1;0;0.4;0.4;0.1;0.5;2;4;5;0.57;0.00;0.57;0.57;0.57;0.22;0.07;0.29;0.22;0.29
396;Edyairth Ortega;mx MEX;MF;Atlas;26-023;1997;8;4;434;4.8;0;0;0;0;0;0;1;0;0.1;0.1;0.3;0.4;5;21;4;0.00;0.00;0.00;0.00;0.00;0.03;0.06;0.09;0.03;0.09
397;Haret Ortega;mx MEX;DF;Toluca;22-272;2000;9;6;573;6.4;0;1;1;0;0;0;4;0;0.1;0.1;0.3;0.4;1;8;0;0.00;0.16;0.16;0.00;0.16;0.02;0.05;0.06;0.02;0.06
398;Miguel Ortega;mx MEX;GK;UANL;27-308;1995;1;1;90;1.0;0;0;0;0;0;0;0;0;0.0;0.0;0.0;0.0;0;0;0;0.00;0.00;0.00;0.00;0.00;0.00;0.00;0.00;0.00;0.00
399;Arturo Ortiz;mx MEX;DFMF;UNAM;30-174;1992;14;14;1209;13.4;0;0;0;0;0;0;3;1;0.5;0.5;0.6;1.1;9;67;6;0.00;0.00;0.00;0.00;0.00;0.03;0.04;0.08;0.03;0.08
400;Celso Ortiz;py PAR;MF;Monterrey;34-020;1989;21;18;1482;16.5;0;1;1;0;0;0;1;0;0.4;0.4;0.4;0.8;5;81;14;0.00;0.06;0.06;0.00;0.06;0.03;0.03;0.05;0.03;0.05
401;Mario Osuna;mx MEX;MFFW;FC Juárez;34-179;1988;3;1;94;1.0;0;0;0;0;0;0;1;0;0.0;0.0;0.0;0.0;1;2;1;0.00;0.00;0.00;0.00;0.00;0.02;0.00;0.02;0.02;0.02
402;Mario Osuna;mx MEX;MFDF;Querétaro;34-179;1988;10;5;485;5.4;1;1;2;0;1;1;1;0;0.9;0.1;0.3;0.4;6;24;5;0.19;0.19;0.37;0.00;0.19;0.17;0.05;0.22;0.02;0.07
403;Juan Pablo Segovia;ar ARG;DF;Necaxa;33-331;1989;19;16;1485;16.5;0;2;2;0;0;0;4;0;0.8;0.8;0.1;1.0;8;50;4;0.00;0.12;0.12;0.00;0.12;0.05;0.01;0.06;0.05;0.06
404;Juan Pablo Vigón;mx MEX;MF;UANL;31-210;1991;21;9;741;8.2;2;0;2;2;0;0;2;1;1.2;1.2;0.2;1.3;8;24;26;0.24;0.00;0.24;0.24;0.24;0.14;0.02;0.16;0.14;0.16
405;Pablo Parra;cl CHI;MFDF;Puebla;28-207;1994;10;5;489;5.4;1;0;1;1;0;0;0;0;0.6;0.6;0.9;1.5;14;24;45;0.18;0.00;0.18;0.18;0.18;0.11;0.16;0.27;0.11;0.27
406;Rodrigo Parra;mx MEX;DF;Tijuana;19-169;2003;2;2;110;1.2;0;0;0;0;0;0;0;0;0.0;0.0;0.0;0.0;0;3;1;0.00;0.00;0.00;0.00;0.00;0.00;0.00;0.00;0.00;0.00
407;Paulino;es ESP;FWMF;Pachuca;25-233;1997;14;4;449;5.0;1;2;3;1;0;0;1;0;0.8;0.8;0.8;1.6;23;30;39;0.20;0.40;0.60;0.20;0.60;0.16;0.15;0.32;0.16;0.32
408;Pedro Pedraza;mx MEX;MF;Pachuca;22-291;2000;3;0;65;0.7;0;0;0;0;0;0;0;0;0.0;0.0;0.0;0.0;0;2;1;0.00;0.00;0.00;0.00;0.00;0.00;0.00;0.00;0.00;0.00
409;Sebastián Pérez Bouquet;mx MEX;MFFW;Guadalajara;19-238;2003;6;3;222;2.5;1;0;1;1;0;0;0;0;0.5;0.5;0.0;0.5;5;11;10;0.41;0.00;0.41;0.41;0.41;0.18;0.01;0.19;0.18;0.19
410;Pavel Pérez;mx MEX;MFFW;Guadalajara;24-234;1998;20;3;593;6.6;0;0;0;0;0;0;0;0;0.7;0.7;0.3;1.0;18;23;39;0.00;0.00;0.00;0.00;0.00;0.11;0.05;0.16;0.11;0.16
411;Eduardo Pérez Reyes;mx MEX;FW;Santos;29-293;1993;4;0;16;0.2;0;0;0;0;0;0;0;0;0.0;0.0;0.0;0.0;0;0;1;0.00;0.00;0.00;0.00;0.00;0.00;0.00;0.00;0.00;0.00
412;Baldomero Perlaza;co COL;MF;Querétaro;30-258;1992;3;3;270;3.0;0;0;0;0;0;0;0;0;;;;;;;;0.00;0.00;0.00;0.00;0.00;;;;;
413;Jonathan Perlaza;ec ECU;MFDF;Querétaro;25-155;1997;2;0;60;0.7;0;0;0;0;0;0;0;0;0.0;0.0;0.0;0.0;1;3;1;0.00;0.00;0.00;0.00;0.00;0.00;0.00;0.00;0.00;0.00
414;Jesús Piñuelas;mx MEX;DF;Atlético;24-325;1998;7;7;630;7.0;0;0;0;0;0;0;2;0;0.2;0.2;0.0;0.2;1;13;0;0.00;0.00;0.00;0.00;0.00;0.03;0.00;0.03;0.03;0.03
415;Guido Pizarro;ar ARG;MFDF;UANL;32-354;1990;23;23;2052;22.8;1;0;1;1;0;0;3;0;2.3;2.3;0.6;2.9;24;114;35;0.04;0.00;0.04;0.04;0.04;0.10;0.03;0.13;0.10;0.13
416;Rodolfo Pizarro;mx MEX;MFFW;Monterrey;29-000;1994;15;8;788;8.8;0;2;2;0;0;0;5;0;1.5;1.5;1.3;2.9;43;40;69;0.00;0.23;0.23;0.00;0.23;0.18;0.15;0.33;0.18;0.33
417;Franco Pizzichillo;uy URU;DFMF;Santos;27-043;1996;4;2;120;1.3;0;0;0;0;0;0;1;0;0.0;0.0;0.1;0.1;0;6;10;0.00;0.00;0.00;0.00;0.00;0.00;0.07;0.07;0.00;0.07
418;Vicente Poggi;uy URU;MF;Necaxa;20-219;2002;14;4;463;5.1;0;1;1;0;0;0;3;0;0.3;0.3;0.2;0.5;4;24;3;0.00;0.19;0.19;0.00;0.19;0.05;0.04;0.09;0.05;0.09
419;Osvaldo Rodríguez del Portal;mx MEX;DF;León;26-158;1996;21;21;1708;19.0;1;1;2;1;0;0;5;1;1.2;1.2;1.0;2.3;20;53;43;0.05;0.05;0.11;0.05;0.11;0.07;0.05;0.12;0.07;0.12
420;Harold Preciado;co COL;FW;Santos;28-259;1994;23;19;1613;17.9;10;4;14;8;2;2;3;0;9.1;7.6;1.7;9.3;33;33;111;0.56;0.22;0.78;0.45;0.67;0.51;0.10;0.60;0.42;0.52
421;Ronaldo Prieto;mx MEX;DFMF;Santos;25-349;1997;12;8;722;8.0;0;0;0;0;0;0;3;0;0.2;0.2;0.0;0.2;3;14;3;0.00;0.00;0.00;0.00;0.00;0.03;0.00;0.03;0.03;0.03
422;Julián Quiñones;co COL;FW;Atlas;25-328;1997;21;21;1874;20.8;9;1;10;8;1;2;2;0;9.7;8.1;1.9;10.0;42;88;165;0.43;0.05;0.48;0.38;0.43;0.47;0.09;0.56;0.39;0.48
423;Cándido Ramírez;mx MEX;MF;FC Juárez;29-255;1993;4;2;153;1.7;0;0;0;0;0;0;0;0;0.1;0.1;0.0;0.1;5;1;16;0.00;0.00;0.00;0.00;0.00;0.07;0.01;0.08;0.07;0.08
424;Salvador Reyes Chávez;mx MEX;DF;América;24-287;1998;17;9;866;9.6;1;1;2;1;0;0;1;0;0.7;0.7;1.5;2.2;25;18;63;0.10;0.10;0.21;0.10;0.21;0.07;0.15;0.22;0.07;0.22
425;Diego Reyes;mx MEX;DF;UANL;30-149;1992;17;16;1378;15.3;1;0;1;1;0;0;1;0;1.2;1.2;0.7;1.9;15;43;2;0.07;0.00;0.07;0.07;0.07;0.08;0.05;0.12;0.08;0.12
426;Israel Reyes;mx MEX;DF;América;22-268;2000;5;5;450;5.0;0;0;0;0;0;0;2;0;0.4;0.4;0.0;0.4;5;22;3;0.00;0.00;0.00;0.00;0.00;0.08;0.00;0.08;0.08;0.08
427;Israel Reyes;mx MEX;MFDF;Puebla;22-268;2000;17;16;1469;16.3;3;0;3;3;0;0;3;0;1.4;1.4;0.1;1.5;7;43;10;0.18;0.00;0.18;0.18;0.18;0.09;0.01;0.09;0.09;0.09
428;Jacobo Reyes;us USA;FWDF;Monterrey;22-188;2000;3;1;51;0.6;0;0;0;0;0;0;1;0;0.0;0.0;0.1;0.1;0;1;2;0.00;0.00;0.00;0.00;0.00;0.00;0.18;0.18;0.00;0.18
429;Jose Reyes;mx MEX;MF;FC Juárez;22-045;2001;1;0;37;0.4;0;0;0;0;0;0;0;0;0.0;0.0;0.0;0.0;1;0;1;0.00;0.00;0.00;0.00;0.00;0.00;0.00;0.00;0.00;0.00
430;Luis Ricardo Reyes;mx MEX;DFMF;Atlas;31-318;1991;21;21;1730;19.2;1;3;4;0;1;1;4;1;1.3;0.5;3.1;3.6;30;95;64;0.05;0.16;0.21;0.00;0.16;0.07;0.16;0.23;0.02;0.19
431;Jesús Rivas;mx MEX;DF;UNAM;20-109;2002;1;0;30;0.3;0;0;0;0;0;0;0;0;0.0;0.0;0.0;0.0;0;2;1;0.00;0.00;0.00;0.00;0.00;0.00;0.00;0.00;0.00;0.00
432;Ulises Rivas;mx MEX;MFFW;UNAM;27-021;1996;4;1;83;0.9;0;0;0;0;0;0;0;0;0.0;0.0;0.1;0.1;0;5;0;0.00;0.00;0.00;0.00;0.00;0.00;0.14;0.14;0.00;0.14
433;Christian Rivera;co COL;MFFW;Tijuana;27-032;1996;12;3;436;4.8;0;0;0;0;0;0;0;0;0.3;0.3;0.6;0.9;8;23;14;0.00;0.00;0.00;0.00;0.00;0.07;0.13;0.19;0.07;0.19
434;Christian Rivera;co COL;MF;Querétaro;27-032;1996;2;2;180;2.0;0;0;0;0;0;0;1;0;0.2;0.2;0.2;0.4;5;27;4;0.00;0.00;0.00;0.00;0.00;0.04;0.04;0.07;0.04;0.07
435;Ignacio Rivero;uy URU;MFDF;Cruz Azul;30-311;1992;19;18;1604;17.8;1;2;3;1;0;0;3;0;1.6;1.6;2.3;3.9;23;94;94;0.06;0.11;0.17;0.06;0.17;0.09;0.13;0.22;0.09;0.22
436;Jorge Roberto Díaz;mx MEX;MFFW;León;24-203;1998;5;0;46;0.5;0;0;0;0;0;0;0;0;0.0;0.0;0.0;0.1;4;1;1;0.00;0.00;0.00;0.00;0.00;0.09;0.03;0.13;0.09;0.13
437;Ángel Robles;mx MEX;MFDF;Puebla;21-089;2001;4;1;114;1.3;0;0;0;0;0;0;0;0;0.1;0.1;0.0;0.1;4;1;5;0.00;0.00;0.00;0.00;0.00;0.08;0.00;0.08;0.08;0.08
438;Aldo Rocha;mx MEX;MF;Atlas;30-101;1992;11;10;855;9.5;1;1;2;1;0;0;4;0;1.0;1.0;0.8;1.8;11;57;10;0.11;0.11;0.21;0.11;0.21;0.10;0.08;0.19;0.10;0.19
439;Alan Rodríguez;mx MEX;MF;Toluca;26-332;1996;13;1;163;1.8;0;0;0;0;0;0;2;1;0.1;0.1;0.1;0.2;1;5;5;0.00;0.00;0.00;0.00;0.00;0.04;0.06;0.10;0.04;0.10
440;Brian Rodríguez;uy URU;FWMF;América;22-271;2000;12;4;538;6.0;1;1;2;1;0;0;1;0;1.6;1.6;0.8;2.3;27;18;67;0.17;0.17;0.33;0.17;0.33;0.26;0.13;0.39;0.26;0.39
441;Charly Rodríguez;mx MEX;MF;Cruz Azul;26-043;1997;22;17;1573;17.5;1;5;6;1;0;0;4;0;1.1;1.1;3.2;4.3;43;121;61;0.06;0.29;0.34;0.06;0.34;0.06;0.18;0.24;0.06;0.24
442;Emerson Rodríguez;co COL;MF;Santos;22-174;2000;2;0;40;0.4;0;0;0;0;0;0;0;0;0.0;0.0;0.0;0.0;1;2;6;0.00;0.00;0.00;0.00;0.00;0.07;0.04;0.11;0.07;0.11
443;Jerónimo Rodríguez;mx MEX;DF;UNAM;23-328;1999;11;7;553;6.1;1;0;1;1;0;0;1;0;0.2;0.2;0.2;0.5;6;19;26;0.16;0.00;0.16;0.16;0.16;0.04;0.04;0.08;0.04;0.08
444;Jesús Rodríguez;mx MEX;GK;Puebla;29-270;1993;2;2;180;2.0;0;0;0;0;0;0;1;0;0.0;0.0;0.0;0.0;0;0;0;0.00;0.00;0.00;0.00;0.00;0.00;0.00;0.00;0.00;0.00
445;Jonathan Rodríguez;uy URU;FW;América;29-224;1993;23;21;1665;18.5;7;2;9;7;0;0;2;0;6.0;6.0;3.1;9.1;39;48;155;0.38;0.11;0.49;0.38;0.49;0.32;0.17;0.49;0.32;0.49
446;Jorge Rodríguez;mx MEX;DF;Toluca;21-165;2001;7;3;281;3.1;0;0;0;0;0;0;0;0;0.0;0.0;0.1;0.1;4;6;10;0.00;0.00;0.00;0.00;0.00;0.00;0.02;0.02;0.00;0.02
447;Jorge Rodríguez;mx MEX;FW;Atlas;19-064;2003;2;0;22;0.2;0;0;0;0;0;0;0;0;0.0;0.0;0.0;0.0;0;0;4;0.00;0.00;0.00;0.00;0.00;0.00;0.00;0.00;0.00;0.00
448;Lucas Rodríguez;uy URU;MF;Atlas;25-355;1997;3;0;54;0.6;0;0;0;0;0;0;0;0;0.4;0.4;0.2;0.6;1;5;3;0.00;0.00;0.00;0.00;0.00;0.71;0.25;0.97;0.71;0.97
449;Lucas Rodríguez;ar ARG;MFFW;Tijuana;25-294;1997;18;16;1284;14.3;4;1;5;3;1;2;3;1;4.7;3.2;2.3;5.5;41;85;56;0.28;0.07;0.35;0.21;0.28;0.33;0.16;0.50;0.22;0.39
450;Michell Rodríguez;mx MEX;FW;Monterrey;22-189;2000;2;0;2;0.0;0;0;0;0;0;0;0;0;0.0;0.0;0.0;0.0;0;0;0;0.00;0.00;0.00;0.00;0.00;0.00;0.00;0.00;0.00;0.00
451;Gabriel Rojas;ar ARG;DF;Querétaro;25-238;1997;19;18;1634;18.2;0;3;3;0;0;0;4;0;0.3;0.3;2.0;2.3;36;46;87;0.00;0.17;0.17;0.00;0.17;0.02;0.11;0.13;0.02;0.13
452;Diego Rolán;uy URU;MFFW;FC Juárez;29-328;1993;4;0;80;0.9;0;0;0;0;0;0;1;0;0.3;0.3;0.1;0.3;7;5;10;0.00;0.00;0.00;0.00;0.00;0.30;0.09;0.39;0.30;0.39
453;Juan Romagnoli;ar ARG;MFFW;Querétaro;26-240;1996;9;3;314;3.5;1;1;2;1;0;0;0;0;0.6;0.6;0.6;1.2;9;8;15;0.29;0.29;0.57;0.29;0.57;0.17;0.17;0.34;0.17;0.34
454;Ángel Romero;py PAR;MFFW;Cruz Azul;30-226;1992;15;10;767;8.5;2;1;3;1;1;2;2;0;3.7;2.2;1.0;3.2;34;58;56;0.23;0.12;0.35;0.12;0.23;0.44;0.12;0.56;0.25;0.37
455;Braian Romero;ar ARG;FW;Tijuana;31-245;1991;5;5;396;4.4;0;0;0;0;0;0;2;0;0.6;0.6;0.2;0.8;7;5;27;0.00;0.00;0.00;0.00;0.00;0.14;0.04;0.18;0.14;0.18
456;Lucas Romero;ar ARG;MF;León;28-303;1994;6;4;373;4.1;0;1;1;0;0;0;1;0;0.1;0.1;0.6;0.7;7;31;9;0.00;0.24;0.24;0.00;0.24;0.03;0.13;0.16;0.03;0.16
457;Luis Romo;mx MEX;MF;Monterrey;27-255;1995;22;20;1799;20.0;1;1;2;1;0;0;3;0;1.4;1.4;2.1;3.5;18;107;45;0.05;0.05;0.10;0.05;0.10;0.07;0.10;0.17;0.07;0.17
458;Carlos Rotondi;ar ARG;MFFW;Cruz Azul;25-340;1997;18;16;1313;14.6;3;2;5;3;0;0;3;1;1.9;1.9;2.0;3.8;34;35;102;0.21;0.14;0.34;0.21;0.34;0.13;0.14;0.26;0.13;0.26
459;Fernando Rubén González;mx MEX;MF;Guadalajara;29-019;1994;19;12;1099;12.2;0;0;0;0;0;0;3;1;0.2;0.2;0.2;0.5;8;73;12;0.00;0.00;0.00;0.00;0.00;0.02;0.02;0.04;0.02;0.04
460;Brian Rubio;mx MEX;FW;Mazatlán;26-098;1996;15;7;685;7.6;0;0;0;0;0;0;3;0;1.8;1.8;0.2;2.0;12;13;47;0.00;0.00;0.00;0.00;0.00;0.24;0.02;0.26;0.24;0.26
461;Brian Rubio;mx MEX;FWMF;León;26-098;1996;4;0;112;1.2;0;0;0;0;0;0;1;0;0.0;0.0;0.2;0.2;1;4;7;0.00;0.00;0.00;0.00;0.00;0.00;0.19;0.19;0.00;0.19
462;Jesús Rubio;mx MEX;DF;Tijuana;;;2;0;77;0.9;0;0;0;0;0;0;0;0;0.0;0.0;0.0;0.0;0;0;0;0.00;0.00;0.00;0.00;0.00;0.00;0.00;0.00;0.00;0.00
463;Alan Ruiz;mx MEX;DF;Tijuana;22-043;2001;1;0;70;0.8;0;0;0;0;0;0;1;0;0.0;0.0;0.0;0.0;0;2;0;0.00;0.00;0.00;0.00;0.00;0.00;0.06;0.06;0.00;0.06
464;Marcel Ruiz;mx MEX;MF;Toluca;22-112;2000;20;18;1543;17.1;2;1;3;2;0;0;3;1;2.5;2.5;0.5;3.0;31;97;52;0.12;0.06;0.17;0.12;0.17;0.15;0.03;0.17;0.15;0.17
465;Jorge Ruvalcaba;us USA;MFFW;UNAM;21-207;2001;16;4;549;6.1;1;1;2;1;0;0;3;0;1.8;1.8;0.8;2.6;41;13;61;0.16;0.16;0.33;0.16;0.33;0.29;0.13;0.42;0.29;0.42
466;Javier Salas;mx MEX;MF;FC Juárez;29-179;1993;17;17;1398;15.5;0;0;0;0;0;0;5;1;0.8;0.8;0.4;1.2;5;49;11;0.00;0.00;0.00;0.00;0.00;0.05;0.03;0.08;0.05;0.08
467;Carlos Salcedo;mx MEX;DF;FC Juárez;29-139;1993;20;20;1800;20.0;0;0;0;0;0;0;5;0;1.2;1.2;0.7;1.9;7;64;10;0.00;0.00;0.00;0.00;0.00;0.06;0.03;0.09;0.06;0.09
468;Eduardo Salvio;ar ARG;MFFW;UNAM;32-217;1990;16;16;1308;14.5;6;1;7;5;1;1;0;0;4.7;3.9;2.5;6.4;82;35;151;0.41;0.07;0.48;0.34;0.41;0.32;0.17;0.49;0.27;0.44
469;Rubens Sambueza;ar ARG;MFFW;Atlético;39-045;1984;10;1;233;2.6;1;1;2;1;0;0;1;0;0.2;0.2;0.4;0.6;8;22;21;0.39;0.39;0.77;0.39;0.77;0.08;0.17;0.25;0.08;0.25
470;Juan Sanabria;uy URU;MF;Atlético;22-323;2000;23;17;1607;17.9;1;1;2;1;0;0;3;1;1.3;1.3;2.4;3.7;20;78;48;0.06;0.06;0.11;0.06;0.11;0.07;0.14;0.21;0.07;0.21
471;Erick Sánchez;mx MEX;MF;Pachuca;23-141;1999;22;22;1943;21.6;2;1;3;2;0;0;4;1;2.4;2.4;2.7;5.1;57;152;33;0.09;0.05;0.14;0.09;0.14;0.11;0.12;0.24;0.11;0.24
472;Jesús Sánchez García;mx MEX;DF;Guadalajara;33-168;1989;11;10;580;6.4;0;0;0;0;0;0;5;0;0.0;0.0;0.2;0.2;8;26;18;0.00;0.00;0.00;0.00;0.00;0.01;0.03;0.03;0.01;0.03
473;Jonathan Sánchez;mx MEX;DF;UNAM;28-339;1994;3;3;225;2.5;0;0;0;0;0;0;1;0;0.0;0.0;0.0;0.0;0;1;0;0.00;0.00;0.00;0.00;0.00;0.00;0.00;0.00;0.00;0.00
474;Luis Sánchez;mx MEX;DF;Monterrey;22-288;2000;1;1;90;1.0;0;0;0;0;0;0;0;0;0.0;0.0;0.0;0.0;0;0;0;0.00;0.00;0.00;0.00;0.00;0.00;0.04;0.04;0.00;0.04
475;Richard Sánchez;py PAR;MF;América;26-323;1996;22;17;1472;16.4;3;1;4;3;0;0;1;0;0.9;0.9;2.1;3.0;22;144;20;0.18;0.06;0.24;0.18;0.24;0.06;0.13;0.19;0.06;0.19
476;Raúl Sandoval;mx MEX;DF;Mazatlán;23-028;2000;12;8;667;7.4;0;0;0;0;0;0;0;1;0.1;0.1;0.1;0.2;17;18;45;0.00;0.00;0.00;0.00;0.00;0.01;0.01;0.02;0.01;0.02
477;Miguel Sansores;mx MEX;FWMF;Mazatlán;31-293;1991;11;3;309;3.4;1;0;1;1;0;0;2;0;1.4;1.4;0.4;1.8;2;6;17;0.29;0.00;0.29;0.29;0.29;0.40;0.11;0.52;0.40;0.52
478;Anderson Santamaría;pe PER;DF;Atlas;31-036;1992;16;16;1263;14.0;0;0;0;0;0;0;5;1;0.8;0.8;0.3;1.1;5;45;5;0.00;0.00;0.00;0.00;0.00;0.06;0.02;0.08;0.06;0.08
479;José Santiago Hernández;mx MEX;GK;Atlas;25-290;1997;3;2;260;2.9;0;0;0;0;0;0;1;0;0.0;0.0;0.0;0.0;0;0;0;0.00;0.00;0.00;0.00;0.00;0.00;0.00;0.00;0.00;0.00
480;Samir Santos;br BRA;DF;UANL;28-072;1994;12;11;979;10.9;2;1;3;2;0;0;3;0;1.7;1.7;0.1;1.8;6;33;3;0.18;0.09;0.28;0.18;0.28;0.15;0.01;0.17;0.15;0.17
481;Sebastian Santos;mx MEX;MF;León;20-025;2003;1;0;1;0.0;0;0;0;0;0;0;0;0;0.0;0.0;0.0;0.0;0;0;0;0.00;0.00;0.00;0.00;0.00;0.00;0.00;0.00;0.00;0.00
482;Camilo Sanvezzo;br BRA;FWMF;Toluca;34-209;1988;22;6;776;8.6;6;2;8;2;4;4;3;0;5.5;2.4;1.6;3.9;4;18;40;0.70;0.23;0.93;0.23;0.46;0.64;0.18;0.82;0.27;0.46
483;Sebastián Saucedo;us USA;FWMF;Toluca;26-024;1997;8;0;163;1.8;1;0;1;1;0;0;2;2;0.4;0.4;0.3;0.7;4;2;19;0.55;0.00;0.55;0.55;0.55;0.20;0.17;0.37;0.20;0.37
484;Francisco Sebastián Córdova;mx MEX;MFFW;UANL;25-248;1997;19;15;1304;14.5;4;5;9;4;0;0;2;1;2.7;2.7;3.2;5.9;40;58;102;0.28;0.35;0.62;0.28;0.62;0.18;0.22;0.40;0.18;0.40
485;Ángel Sepúlveda;mx MEX;FW;Querétaro;32-000;1991;21;19;1497;16.6;5;1;6;4;1;2;1;0;5.6;4.0;1.5;5.5;17;33;95;0.30;0.06;0.36;0.24;0.30;0.34;0.09;0.43;0.24;0.33
486;Gilberto Sepúlveda;mx MEX;DF;Guadalajara;24-011;1999;22;22;1929;21.4;0;0;0;0;0;0;5;1;0.9;0.9;0.4;1.2;17;64;2;0.00;0.00;0.00;0.00;0.00;0.04;0.02;0.06;0.04;0.06
487;Leonardo Sequeira;ar ARG;MFFW;Querétaro;27-295;1995;13;11;998;11.1;0;0;0;0;0;0;3;0;2.1;2.1;1.6;3.7;23;13;79;0.00;0.00;0.00;0.00;0.00;0.19;0.14;0.33;0.19;0.33
488;Jordan Sierra;ec ECU;MF;FC Juárez;25-298;1997;6;6;501;5.6;0;0;0;0;0;0;0;0;0.3;0.3;0.2;0.5;6;23;18;0.00;0.00;0.00;0.00;0.00;0.05;0.04;0.09;0.05;0.09
489;Jordan Sierra;ec ECU;MFFW;Toluca;25-298;1997;16;8;749;8.3;1;0;1;1;0;0;2;1;1.1;1.1;0.8;1.9;10;31;51;0.12;0.00;0.12;0.12;0.12;0.13;0.10;0.23;0.13;0.23
490;Antony Silva;py PAR;GK;Puebla;38-353;1984;22;22;1980;22.0;0;0;0;0;0;0;1;0;0.0;0.0;0.0;0.0;0;0;0;0.00;0.00;0.00;0.00;0.00;0.00;0.00;0.00;0.00;0.00
491;Gastón Silva;uy URU;DF;Puebla;28-347;1994;22;22;1875;20.8;1;2;3;1;0;0;6;0;0.7;0.7;1.1;1.8;15;63;17;0.05;0.10;0.14;0.05;0.14;0.03;0.05;0.09;0.03;0.09
492;Jordan Silva;mx MEX;DFMF;Cruz Azul;28-200;1994;3;1;100;1.1;0;0;0;0;0;0;0;0;0.1;0.1;0.0;0.1;0;4;0;0.00;0.00;0.00;0.00;0.00;0.09;0.00;0.09;0.09;0.09
493;Jordan Silva;mx MEX;DF;Querétaro;28-200;1994;13;12;1154;12.8;1;0;1;1;0;0;2;0;1.1;1.1;0.4;1.5;2;24;1;0.08;0.00;0.08;0.08;0.08;0.08;0.03;0.12;0.08;0.12
494;Maximiliano Silvera;uy URU;FW;FC Juárez;25-163;1997;9;7;488;5.4;0;0;0;0;0;1;1;1;1.7;0.7;0.8;1.4;12;6;30;0.00;0.00;0.00;0.00;0.00;0.31;0.14;0.45;0.12;0.26
495;Maximiliano Silvera;uy URU;FW;Necaxa;25-163;1997;2;1;59;0.7;1;0;1;1;0;0;0;0;0.6;0.6;0.0;0.6;2;0;4;1.53;0.00;1.53;1.53;1.53;0.89;0.00;0.89;0.89;0.89
496;Alan Soñora;us USA;FW;FC Juárez;24-196;1998;1;0;36;0.4;0;0;0;0;0;0;0;0;0.0;0.0;0.1;0.1;1;3;2;0.00;0.00;0.00;0.00;0.00;0.00;0.14;0.14;0.00;0.14
497;Gonzalo Sosa;ar ARG;FW;Mazatlán;34-042;1989;14;10;810;9.0;1;1;2;0;1;2;3;0;2.2;0.6;0.8;1.5;1;17;40;0.11;0.11;0.22;0.00;0.11;0.25;0.09;0.34;0.07;0.16
498;Sebastián Sosa;uy URU;GK;UNAM;36-180;1986;6;6;540;6.0;0;0;0;0;0;0;2;0;0.0;0.0;0.0;0.0;0;0;0;0.00;0.00;0.00;0.00;0.00;0.00;0.00;0.00;0.00;0.00
499;Yeferson Soteldo;ve VEN;FWMF;UANL;25-230;1997;3;0;35;0.4;0;0;0;0;0;0;0;0;0.1;0.1;0.3;0.4;6;4;10;0.00;0.00;0.00;0.00;0.00;0.17;0.75;0.92;0.17;0.92
500;Leonardo Suárez;ar ARG;MF;Santos;26-322;1996;16;6;745;8.3;6;2;8;6;0;0;0;0;2.1;2.1;1.6;3.7;22;52;49;0.72;0.24;0.97;0.72;0.97;0.25;0.19;0.44;0.25;0.44
501;Leonardo Suárez;ar ARG;FWMF;América;26-322;1996;5;1;159;1.8;0;0;0;0;0;0;1;0;0.2;0.2;1.0;1.2;4;8;15;0.00;0.00;0.00;0.00;0.00;0.13;0.56;0.69;0.13;0.69
502;Christian Tabó;uy URU;FWMF;Cruz Azul;29-084;1993;16;5;528;5.9;2;0;2;2;0;0;4;0;1.4;1.4;0.5;1.9;16;12;46;0.34;0.00;0.34;0.34;0.34;0.24;0.09;0.33;0.24;0.33
503;Alfredo Talavera;mx MEX;GK;FC Juárez;40-150;1982;24;24;2160;24.0;0;0;0;0;0;0;4;0;0.0;0.0;0.0;0.0;0;0;0;0.00;0.00;0.00;0.00;0.00;0.00;0.00;0.00;0.00;0.00
504;Miguel Tapias;mx MEX;DF;Pachuca;26-037;1997;13;10;1006;11.2;0;0;0;0;0;0;3;0;0.7;0.7;0.1;0.8;9;30;0;0.00;0.00;0.00;0.00;0.00;0.07;0.00;0.07;0.07;0.07
505;Eduardo Tercero;mx MEX;DFFW;UANL;26-285;1996;5;0;70;0.8;0;0;0;0;0;0;1;0;0.2;0.2;0.0;0.2;2;3;0;0.00;0.00;0.00;0.00;0.00;0.29;0.00;0.29;0.29;0.29
506;William Tesillo;co COL;DF;León;33-013;1990;6;4;347;3.9;0;0;0;0;0;0;0;0;0.0;0.0;0.0;0.0;0;22;0;0.00;0.00;0.00;0.00;0.00;0.00;0.00;0.00;0.00;0.00
507;Florian Thauvin;fr FRA;MFFW;UANL;30-020;1993;7;3;311;3.5;3;2;5;3;0;0;0;1;1.9;1.9;1.5;3.3;20;20;46;0.87;0.58;1.45;0.87;1.45;0.55;0.42;0.97;0.55;0.97
508;Iván Tona;mx MEX;DFFW;Monterrey;22-320;2000;2;0;3;0.0;0;0;0;0;0;0;0;0;0.0;0.0;0.0;0.0;1;1;1;0.00;0.00;0.00;0.00;0.00;0.00;0.00;0.00;0.00;0.00
509;Alan Torres;mx MEX;MFFW;Guadalajara;22-361;2000;9;2;230;2.6;0;0;0;0;0;0;0;0;0.2;0.2;0.1;0.3;1;23;5;0.00;0.00;0.00;0.00;0.00;0.08;0.03;0.10;0.08;0.10
510;Félix Torres Caicedo;ec ECU;DF;Santos;26-035;1997;19;18;1523;16.9;2;0;2;2;0;0;4;0;1.3;1.3;1.3;2.6;4;42;2;0.12;0.00;0.12;0.12;0.12;0.08;0.08;0.15;0.08;0.15
511;Jonathan Torres;ar ARG;FW;Querétaro;26-048;1996;4;2;179;2.0;0;1;1;0;0;0;0;0;0.2;0.2;0.3;0.5;3;1;11;0.00;0.50;0.50;0.00;0.50;0.12;0.16;0.27;0.12;0.27
512;Jorge Torres Nilo;mx MEX;DF;Toluca;35-030;1988;4;2;172;1.9;0;0;0;0;0;0;1;0;0.0;0.0;0.0;0.0;0;3;0;0.00;0.00;0.00;0.00;0.00;0.00;0.00;0.00;0.00;0.00
513;Raúl Torres Rodríguez;mx MEX;DF;Querétaro;26-173;1996;6;1;171;1.9;1;0;1;1;0;0;3;0;0.1;0.1;0.3;0.4;1;14;6;0.53;0.00;0.53;0.53;0.53;0.04;0.15;0.19;0.04;0.19
514;Christopher Trejo;mx MEX;FWMF;Atlas;23-075;1999;20;3;563;6.3;2;0;2;2;0;0;2;0;1.3;1.3;1.4;2.7;10;21;40;0.32;0.00;0.32;0.32;0.32;0.21;0.22;0.43;0.21;0.43
515;Santiago Trigos;mx MEX;MFDF;UNAM;21-024;2002;6;0;146;1.6;0;1;1;0;0;0;0;0;0.0;0.0;0.4;0.4;1;3;3;0.00;0.62;0.62;0.00;0.62;0.00;0.25;0.25;0.00;0.25
516;Héctor Uribe;mx MEX;DF;León;18-256;2004;2;1;65;0.7;0;0;0;0;0;0;0;0;0.0;0.0;0.0;0.0;2;3;5;0.00;0.00;0.00;0.00;0.00;0.00;0.00;0.00;0.00;0.00
517;Agustín Urzi;ar ARG;MF;FC Juárez;22-287;2000;2;0;55;0.6;0;0;0;0;0;0;0;0;0.0;0.0;0.0;0.0;4;2;5;0.00;0.00;0.00;0.00;0.00;0.04;0.03;0.07;0.04;0.07
518;Óscar Ustari;ar ARG;GK;Pachuca;36-227;1986;21;21;1845;20.5;0;0;0;0;0;0;0;0;0.0;0.0;0.0;0.0;0;0;0;0.00;0.00;0.00;0.00;0.00;0.00;0.00;0.00;0.00;0.00
519;Diego Valdés;cl CHI;MF;América;29-016;1994;23;22;1753;19.5;7;5;12;7;0;0;2;0;6.7;6.7;5.0;11.7;50;175;101;0.36;0.26;0.62;0.36;0.62;0.35;0.25;0.60;0.35;0.60
520;Bruno Valdez;py PAR;DF;América;30-132;1992;8;6;545;6.1;0;1;1;0;0;0;1;0;0.1;0.1;0.1;0.2;3;12;0;0.00;0.17;0.17;0.00;0.17;0.01;0.01;0.03;0.01;0.03
521;Carlos Valenzuela;ar ARG;FW;Tijuana;25-299;1997;6;4;304;3.4;0;1;1;0;0;0;2;0;0.3;0.3;1.2;1.6;25;13;34;0.00;0.30;0.30;0.00;0.30;0.09;0.37;0.46;0.09;0.46
522;José Van Rankin;mx MEX;DFMF;Necaxa;29-277;1993;6;5;485;5.4;0;0;0;0;0;0;3;0;0.0;0.0;0.2;0.2;2;22;8;0.00;0.00;0.00;0.00;0.00;0.00;0.04;0.04;0.00;0.04
523;Camilo Vargas;co COL;GK;Atlas;33-343;1989;21;21;1805;20.1;0;0;0;0;0;0;4;1;0.0;0.0;0.0;0.0;0;0;0;0.00;0.00;0.00;0.00;0.00;0.00;0.00;0.00;0.00;0.00
524;Ivo Vázquez;mx MEX;DFMF;Puebla;22-122;2000;15;3;418;4.6;0;2;2;0;0;0;3;0;0.1;0.1;0.3;0.4;16;11;16;0.00;0.43;0.43;0.00;0.43;0.02;0.07;0.09;0.02;0.09
525;Alexis Vega;mx MEX;FWMF;Guadalajara;25-082;1997;19;18;1556;17.3;4;4;8;3;1;2;3;0;4.8;3.3;5.7;9.0;61;65;157;0.23;0.23;0.46;0.17;0.40;0.28;0.33;0.61;0.19;0.52
526;Sebastián Vegas;cl CHI;DF;Monterrey;26-073;1996;18;12;1007;11.2;1;1;2;1;0;0;6;0;0.2;0.2;0.4;0.6;10;23;9;0.09;0.09;0.18;0.09;0.18;0.02;0.04;0.05;0.02;0.05
527;Efraín Velarde;mx MEX;DF;UNAM;36-303;1986;7;3;338;3.8;0;0;0;0;0;0;0;0;0.1;0.1;0.0;0.1;7;11;7;0.00;0.00;0.00;0.00;0.00;0.03;0.00;0.03;0.03;0.03
528;Emiliano Velázquez;uy URU;DF;FC Juárez;28-291;1994;9;9;753;8.4;0;0;0;0;0;0;2;0;0.1;0.1;0.0;0.2;2;16;0;0.00;0.00;0.00;0.00;0.00;0.02;0.00;0.02;0.02;0.02
529;Jesús Venegas;mx MEX;MFFW;Toluca;27-322;1995;4;2;205;2.3;0;0;0;0;0;0;0;0;0.1;0.1;0.0;0.1;1;5;2;0.00;0.00;0.00;0.00;0.00;0.05;0.02;0.06;0.05;0.06
530;Érik Vera;mx MEX;DF;Querétaro;30-328;1992;3;2;166;1.8;0;0;0;0;0;0;0;0;0.0;0.0;0.1;0.1;2;8;5;0.00;0.00;0.00;0.00;0.00;0.00;0.04;0.04;0.00;0.04
531;Duván Vergara;co COL;FWMF;Monterrey;26-159;1996;5;0;67;0.7;0;0;0;0;0;0;0;0;0.1;0.1;0.1;0.2;3;3;5;0.00;0.00;0.00;0.00;0.00;0.12;0.09;0.21;0.12;0.21
532;Néstor Vidrio;mx MEX;DF;Mazatlán;33-330;1989;17;16;1427;15.9;0;0;0;0;0;0;2;0;0.3;0.3;0.0;0.3;8;41;1;0.00;0.00;0.00;0.00;0.00;0.02;0.00;0.02;0.02;0.02
533;Nicolás Vikonis;uy URU;GK;Mazatlán;38-315;1984;17;17;1485;16.5;0;0;0;0;0;0;0;0;0.0;0.0;0.0;0.0;0;0;0;0.00;0.00;0.00;0.00;0.00;0.00;0.00;0.00;0.00;0.00
534;Oscar Villa;mx MEX;DF;León;21-356;2001;8;1;153;1.7;0;0;0;0;0;0;3;0;0.1;0.1;0.1;0.2;2;4;5;0.00;0.00;0.00;0.00;0.00;0.07;0.05;0.12;0.07;0.12
535;Patrick Villa;mx MEX;FW;Puebla;19-066;2003;1;0;4;0.0;0;0;0;0;0;0;0;0;0.0;0.0;0.0;0.0;0;0;0;0.00;0.00;0.00;0.00;0.00;0.00;0.00;0.00;0.00;0.00
536;Dieter Villalpando;mx MEX;FWMF;Atlético;31-195;1991;6;6;418;4.6;0;0;0;0;0;0;0;0;0.3;0.3;0.8;1.1;10;31;17;0.00;0.00;0.00;0.00;0.00;0.07;0.17;0.24;0.07;0.24
537;Dieter Villalpando;mx MEX;MFFW;Necaxa;31-195;1991;11;9;695;7.7;0;1;1;0;0;0;3;0;0.4;0.4;0.5;1.0;20;45;48;0.00;0.13;0.13;0.00;0.13;0.05;0.07;0.13;0.05;0.13
538;Sergio Villarreal;mx MEX;DF;Monterrey;23-036;2000;1;0;25;0.3;0;0;0;0;0;0;0;0;0.0;0.0;0.0;0.0;0;0;0;0.00;0.00;0.00;0.00;0.00;0.00;0.00;0.00;0.00;0.00
539;Federico Viñas;uy URU;FWMF;América;24-230;1998;18;3;435;4.8;2;1;3;2;0;0;1;0;2.5;2.5;0.7;3.2;5;11;30;0.41;0.21;0.62;0.41;0.62;0.52;0.14;0.66;0.52;0.66
540;Isaías Violante;mx MEX;FWDF;Toluca;19-118;2003;7;1;100;1.1;0;0;0;0;0;0;1;0;0.6;0.6;0.0;0.6;5;8;9;0.00;0.00;0.00;0.00;0.00;0.53;0.00;0.53;0.53;0.53
541;Vitinho;br BRA;FWMF;Atlético;21-298;2001;22;7;863;9.6;0;0;0;0;0;0;3;0;2.0;2.0;0.4;2.4;50;26;79;0.00;0.00;0.00;0.00;0.00;0.21;0.04;0.25;0.21;0.25
542;Tiago Volpi;br BRA;GK;Toluca;32-058;1990;21;21;1890;21.0;0;0;0;0;0;0;2;0;0.1;0.1;0.0;0.1;0;1;0;0.00;0.00;0.00;0.00;0.00;0.00;0.00;0.00;0.00;0.00
543;Facundo Waller;uy URU;FWMF;Atlético;25-312;1997;17;17;1348;15.0;1;2;3;1;0;0;3;0;2.0;2.0;1.6;3.6;50;44;81;0.07;0.13;0.20;0.07;0.20;0.13;0.11;0.24;0.13;0.24
544;Facundo Waller;uy URU;MF;Puebla;25-312;1997;5;5;330;3.7;0;0;0;0;0;0;0;0;0.5;0.5;0.3;0.8;6;9;25;0.00;0.00;0.00;0.00;0.00;0.14;0.07;0.21;0.14;0.21
545;Édgar Yoel Bárcenas;pa PAN;FWMF;Mazatlán;29-115;1993;21;16;1541;17.1;0;4;4;0;0;0;3;0;2.1;2.1;3.3;5.4;53;65;106;0.00;0.23;0.23;0.00;0.23;0.12;0.19;0.31;0.12;0.31
546;Paolo Yrizar;mx MEX;FW;Guadalajara;25-193;1997;1;0;19;0.2;0;0;0;0;0;0;0;0;0.0;0.0;0.0;0.0;0;0;0;0.00;0.00;0.00;0.00;0.00;0.00;0.00;0.00;0.00;0.00
547;Ángel Zaldívar;mx MEX;FWMF;Atlético;29-007;1994;6;2;242;2.7;0;0;0;0;0;0;1;0;0.6;0.6;0.2;0.8;1;5;9;0.00;0.00;0.00;0.00;0.00;0.22;0.07;0.29;0.22;0.29
548;Ángel Zaldívar;mx MEX;FW;Guadalajara;29-007;1994;14;11;761;8.5;4;0;4;3;1;2;1;0;3.5;1.7;0.8;2.5;6;13;30;0.47;0.00;0.47;0.35;0.35;0.41;0.09;0.50;0.21;0.29
549;Edgar Zaldívar;mx MEX;MF;Atlas;26-121;1996;21;17;1427;15.9;0;0;0;0;0;0;6;0;0.5;0.5;0.5;1.0;12;50;20;0.00;0.00;0.00;0.00;0.00;0.03;0.03;0.06;0.03;0.06
550;Ángel Zapata;mx MEX;MF;Monterrey;22-012;2001;1;0;1;0.0;0;0;0;0;0;0;0;0;0.0;0.0;0.0;0.0;0;0;0;0.00;0.00;0.00;0.00;0.00;0.00;0.00;0.00;0.00;0.00
551;Alejandro Zendejas;us USA;FWMF;América;25-008;1998;21;21;1521;16.9;6;3;9;6;0;0;5;0;3.7;3.7;3.4;7.1;55;79;164;0.36;0.18;0.53;0.36;0.53;0.22;0.20;0.42;0.22;0.42
552;José Zúñiga;co COL;FW;Querétaro;28-217;1994;5;3;251;2.8;0;0;0;0;0;0;0;0;0.7;0.7;0.0;0.8;6;3;14;0.00;0.00;0.00;0.00;0.00;0.25;0.02;0.27;0.25;0.27
