PlayerName,Edad,Goles,Asistencias,Tarjetas_Amarilla,Tarjetas_Roja,PasesCompletados,PasesIntentados,Pct_PasesCompletados,PasesUltTercioCampo,PasesClave,PasesCruzados,PasesCambioDeBanda,xG,npxG,xA,xG_90Min,xA_90Min
Stanislav Lobotka,22,0,0,2,0,1858,2065,90,169,10,6,52,0.3,0.3,0.5,0.01,0.01
Daniel Wass,28,4,8,3,0,1250,1667,75,116,56,97,63,4.4,4.4,5,0.13,0.15
Pione Sisto,22,5,7,2,0,876,1091,80.3,65,42,56,50,3.8,3.8,4.6,0.13,0.16
Fabinho,23,7,3,8,0,1680,1976,85,210,34,9,65,5.5,2.4,3.7,0.16,0.11
Rony Lopes,21,15,6,2,0,579,841,68.8,40,39,82,18,9.8,9.8,5.5,0.35,0.19
João Moutinho,30,1,4,6,0,1629,1988,81.9,219,57,73,61,1,1,5.5,0.03,0.18
Fabián Ruiz Peña,21,3,6,3,0,1806,2119,85.2,179,29,15,64,2,2,2.2,0.07,0.07
Joaquín,36,4,7,7,0,1085,1312,82.7,71,50,45,46,2.7,2.7,5,0.1,0.18
Javi García,30,1,0,7,0,1483,1631,90.9,87,10,0,30,1.2,1.2,0.3,0.04,0.01
Cristian Tello,25,4,1,2,0,555,720,77.1,31,25,27,19,2.8,2.8,2.7,0.15,0.15
Martin Olsson,29,0,1,7,0,1073,1547,69.4,58,13,125,51,0.9,0.9,1,0.02,0.03
Jordan Ayew,25,7,2,2,1,696,881,79,24,14,38,14,6.3,5.5,1.2,0.2,0.04
Tom Carroll,25,0,4,3,0,1207,1537,78.5,165,47,76,82,1,1,3.9,0.04,0.14
Tammy Abraham,19,5,1,0,0,208,309,67.3,19,10,11,7,6.3,6.3,0.7,0.33,0.04
Renaud Cohade,32,1,3,5,0,1511,1991,75.9,204,47,55,92,1.2,1.2,3.9,0.03,0.11
Nolan Roux,29,15,2,8,0,527,772,68.3,31,26,23,28,9.6,8.8,1.8,0.3,0.06
Aaron Mooy,26,4,3,4,0,1547,2070,74.7,159,49,90,94,2.5,1.7,3.9,0.07,0.11
Tom Ince,25,2,0,0,0,555,733,75.7,33,18,26,19,7.2,7.2,1.4,0.26,0.05
Rajiv van La Parra,26,3,0,3,1,521,727,71.7,24,16,50,12,3.5,2.7,1.2,0.15,0.05
Kevin-Prince Boateng,30,6,1,4,0,841,1107,76,100,16,13,34,4.4,4.4,0.8,0.17,0.03
Asier Illarramendi,27,7,5,9,2,2157,2481,86.9,272,31,33,50,3.2,3.2,2.5,0.09,0.07
Mikel Oyarzabal,20,12,5,4,0,735,979,75.1,42,40,49,46,8.3,8.3,3.7,0.27,0.12
David Zurutuza,31,0,2,2,0,977,1160,84.2,110,11,10,21,2.3,2.3,1.1,0.09,0.04
Sergio Canales,26,4,5,4,0,1035,1298,79.7,99,57,59,90,4.1,4.1,5.8,0.19,0.27
Adrien Rabiot,22,1,4,2,0,1978,2168,91.2,170,23,15,33,1.7,1.7,3.3,0.06,0.12
Giovani Lo Celso,21,4,2,2,0,1387,1549,89.5,104,14,8,51,3,3,1.8,0.15,0.09
Simone Missiroli,31,1,1,4,0,950,1263,75.2,121,32,21,11,2.3,2.3,2.5,0.07,0.08
Francesco Magnanelli,32,0,0,11,4,1361,1674,81.3,143,27,15,97,0.3,0.3,1.4,0.01,0.05
Miralem Pjanic,27,5,5,5,0,1866,2152,86.7,172,63,38,122,2.8,2.8,5.2,0.1,0.19
Blaise Matuidi,30,3,1,3,0,1239,1393,88.9,134,17,21,21,2.6,2.6,0.9,0.1,0.04
Paulo Dybala,23,22,3,0,0,1107,1318,84,80,56,41,78,12.4,8.8,4.6,0.47,0.17
Douglas Costa,26,4,6,1,0,826,1037,79.7,45,58,78,60,2.7,2.7,7.6,0.14,0.38
Daniel Parejo,28,7,8,15,1,2003,2450,81.8,285,67,38,142,6.9,2.4,4.9,0.21,0.15
Geoffrey Kondogbia,24,4,3,12,2,1333,1549,86.1,147,18,4,59,2.5,2.5,2.2,0.08,0.08
Gonçalo Guedes,20,5,7,2,0,749,979,76.5,63,46,60,31,4.1,4.1,6.4,0.15,0.23
Carlos Soler,20,1,4,4,0,799,992,80.5,79,35,48,37,4,4,2.9,0.15,0.11
Franck Kessié,20,5,1,9,0,1472,1799,81.8,144,44,68,39,8.4,5.3,4.4,0.23,0.12
Giacomo Bonaventura,27,8,2,3,0,1275,1503,84.8,87,50,45,36,5.2,5.2,3.2,0.18,0.11
Hakan Çalhanoglu,23,6,6,6,2,1023,1346,76,87,70,68,102,5.8,5.8,8.1,0.24,0.34
Saúl Ñíguez,22,2,4,9,0,1413,1747,80.9,151,21,21,24,3.2,3.2,2.9,0.09,0.08
Koke,25,4,3,3,0,1659,2078,79.8,188,54,53,80,2.9,2.9,7.3,0.1,0.24
Thomas Partey,24,3,0,6,0,1190,1448,82.2,124,12,12,44,1.5,1.5,0.5,0.06,0.02
Ángel Correa,22,8,5,4,2,646,897,72,38,28,40,13,6,6,2.2,0.24,0.09
Gabi,34,0,0,8,0,1463,1760,83.1,183,30,15,59,0.4,0.4,2.1,0.02,0.08
Abdoulaye Touré,23,1,1,3,0,1070,1367,78.3,150,18,16,50,1.5,1.5,0.7,0.05,0.02
Adrien Thomasson,23,5,3,4,0,1007,1316,76.5,73,33,51,19,4.8,4.8,3.1,0.17,0.11
Valentin Rongier,22,1,1,1,0,1114,1305,85.4,111,27,14,31,1.5,1.5,1.6,0.06,0.06
Borja Valero,32,2,0,3,0,1864,2061,90.4,221,35,20,53,2.1,2.1,1.9,0.07,0.07
Marcelo Brozovic,24,4,8,9,0,1504,1781,84.4,194,62,36,88,2.4,2.4,4.8,0.11,0.22
Lucas Tousart,20,0,0,8,0,1315,1538,85.5,88,13,3,35,1.5,1.5,0.7,0.04,0.02
Memphis Depay,23,19,9,3,0,945,1282,73.7,71,82,84,78,13.9,12.6,8.5,0.49,0.3
Tanguy Ndombele,20,0,3,5,0,1344,1514,88.8,161,43,7,25,1.8,1.8,3.6,0.07,0.14
Houssem Aouar,19,6,4,1,0,1312,1538,85.3,138,35,17,28,5.6,5.6,3.9,0.21,0.14
Jorginho,25,2,3,5,0,2864,3229,88.7,442,48,21,33,2.2,0.5,3.6,0.07,0.12
Allan,26,4,5,2,0,1558,1821,85.6,182,32,22,25,4.3,4.3,4.3,0.14,0.14
Marek Hamšík,30,7,1,2,0,2240,2524,88.7,269,53,32,59,7.2,7.2,3.4,0.27,0.13
Piotr Zielinski,23,4,1,3,0,1144,1307,87.5,128,37,20,22,3.4,3.4,3.1,0.18,0.17
Ludovic Blas,19,3,2,3,2,795,942,84.4,77,16,12,31,3.4,3.4,1.3,0.17,0.07
Idrissa Gana Gueye,27,2,1,7,2,1320,1582,83.4,138,15,7,31,1.5,1.5,1.1,0.05,0.04
Wayne Rooney,31,10,2,5,0,926,1245,74.4,105,36,39,98,8.5,3.8,2.5,0.33,0.1
Tom Davies,19,2,1,7,0,537,707,76,46,9,10,13,1.3,1.3,0.7,0.06,0.03
Dominic Calvert-Lewin,20,4,6,4,0,315,516,61,17,19,16,4,4.6,4.5,1.7,0.22,0.08
Jonathan Bamba,21,7,6,1,0,874,1185,73.8,63,51,78,36,9.1,6,6,0.32,0.21
Dale Stephens,28,0,3,6,0,1451,1730,83.9,156,17,2,89,1,1,2,0.03,0.06
Davy Pröpper,25,0,4,2,1,1093,1415,77.2,137,18,12,57,2.1,2.1,1.1,0.06,0.03
Pascal Groß,26,7,8,2,0,974,1424,68.4,88,75,109,99,3.2,2.5,5.7,0.1,0.18
Anthony Knockaert,25,3,1,4,1,841,1081,77.8,48,38,55,48,3.5,3.5,2.5,0.13,0.09
José Izquierdo,25,5,3,2,0,420,539,77.9,18,19,20,5,4.1,4.1,2.1,0.18,0.09
Solly March,23,1,1,3,0,519,741,70,26,16,68,35,1.3,1.3,1.7,0.06,0.08
N'Golo Kanté,26,1,1,3,0,1899,2144,88.6,198,36,10,57,0.8,0.8,2.4,0.02,0.07
Marcos Alonso,26,7,2,6,0,1277,1646,77.6,53,31,78,42,4.1,4.1,2.3,0.13,0.07
Eden Hazard,26,12,4,2,0,1171,1424,82.2,113,83,59,70,7.9,6.4,7.1,0.29,0.26
Cesc Fàbregas,30,2,4,5,2,1794,2260,79.4,246,89,63,84,2.4,2.4,6.8,0.09,0.27
Willian,28,6,7,1,0,769,1029,74.7,59,65,60,44,4.9,4.1,5.3,0.23,0.25
Pedro,30,4,2,1,0,543,691,78.6,36,25,31,15,4.3,4.3,1.5,0.25,0.09
Radja Nainggolan,29,4,7,7,2,1051,1321,79.6,129,60,59,55,3.7,3.7,7,0.13,0.24
Kevin Strootman,27,1,1,4,0,1233,1478,83.4,200,28,22,23,2.9,2.9,1.5,0.12,0.06
Ivan Radovanovic,28,1,1,6,1,1454,1807,80.5,145,15,16,122,0.7,0.7,0.6,0.02,0.02
Valter Birsa,30,3,6,3,0,1079,1503,71.8,119,67,77,82,2.6,2.6,5.2,0.09,0.19
Përparim Hetemaj,30,3,2,9,0,904,1153,78.4,68,23,64,39,2.6,2.6,1.5,0.1,0.06
Nicolas Pépé,22,13,5,5,0,804,1022,78.7,51,43,50,25,8.2,7.4,4.5,0.26,0.14
Yassine Benzia,22,1,5,8,0,1093,1418,77.1,134,64,52,42,1.9,1.9,5.1,0.08,0.2
Thiago Maia,20,0,0,3,2,1449,1718,84.3,153,14,7,32,0.9,0.9,0.5,0.03,0.02
Thiago Mendes,25,3,3,4,2,1162,1368,84.9,138,45,18,46,2.6,2.6,3.2,0.1,0.13
Luiz Araújo,21,5,2,5,0,533,757,70.4,43,26,55,46,3.8,3.8,2.3,0.17,0.1
Kevin Volland,25,14,2,5,0,553,769,71.9,43,32,41,14,10.6,10.6,5.2,0.37,0.18
Julian Brandt,21,9,3,0,0,968,1299,74.5,44,56,55,71,6,6,6.1,0.23,0.24
Daniel Caligiuri,29,6,10,4,0,1246,1786,69.8,73,46,66,50,4.6,2.4,4.7,0.14,0.14
Amine Harit,20,3,3,3,0,624,769,81.1,37,40,30,14,3.1,2.3,4.5,0.13,0.2
Simone Padoin,33,1,0,4,0,987,1343,73.5,73,37,80,30,1.2,1.2,3.9,0.03,0.11
Nicolò Barella,20,6,2,14,2,1225,1631,75.1,145,31,53,82,3.3,1.1,2.2,0.1,0.07
Artur Ioni?a,26,0,2,4,0,723,969,74.6,64,14,29,22,1.8,1.8,1.1,0.06,0.04
Paolo Faragò,24,2,4,2,0,867,1331,65.1,67,29,91,37,2.3,2.3,4.7,0.09,0.17
Jonas Martin,27,4,1,6,0,1434,1713,83.7,121,36,27,44,4.1,1.9,2.2,0.12,0.07
Jean-Eudes Aholou,23,5,0,4,0,1147,1346,85.2,97,11,1,34,2.9,2.9,0.6,0.09,0.02
Dimitri Liénard,29,5,5,7,0,1210,1679,72.1,114,65,113,150,3.4,2.6,6.4,0.12,0.22
Dani García,27,0,1,14,0,1298,1618,80.2,163,18,10,71,0.5,0.5,1.3,0.02,0.04
Takashi Inui,29,5,3,4,0,726,953,76.2,45,24,51,30,4.7,4.7,1.7,0.16,0.06
Joan Jordán,23,6,3,2,2,997,1269,78.6,98,41,40,73,4.3,2.8,2.9,0.16,0.11
Kevin De Bruyne,26,8,16,2,0,2293,2939,78,224,111,145,130,5.7,5.7,12.3,0.17,0.36
Fernandinho,32,5,3,7,0,2614,2944,88.8,318,23,10,41,2.8,2.8,2.2,0.09,0.07
Bernardo Silva,22,6,4,0,0,830,984,84.3,29,28,53,14,3.8,3.2,1.6,0.23,0.1
Benjamin Bourigeaud,23,10,7,3,0,1276,1778,71.8,130,103,148,115,7.6,5.3,8.7,0.22,0.25
Benjamin André,26,3,2,11,2,1453,1866,77.9,150,28,21,54,3.7,3.7,1.7,0.11,0.05
James Lea Siliki,21,3,2,6,2,530,730,72.6,62,20,38,43,3.4,3.4,2.4,0.17,0.12
Matt Ritchie,27,3,5,6,0,837,1269,66,54,50,111,62,3.2,3.2,5.2,0.1,0.17
Ayoze Pérez,24,8,5,3,0,498,721,69.1,47,30,28,16,6.5,6.5,3.2,0.23,0.12
Mohamed Diamé,30,2,0,3,0,669,819,81.7,63,12,4,38,1.3,1.3,0.5,0.06,0.02
Pablo Sarabia,25,6,5,8,2,840,1155,72.7,53,46,80,33,6.6,6.6,5.8,0.25,0.22
Éver Banega,29,3,3,9,1,1846,2265,81.5,281,70,43,96,3.8,1.5,5.2,0.14,0.2
David López,27,1,0,7,0,1539,1917,80.3,108,8,4,51,1.4,1.4,0.5,0.04,0.01
Sergi Darder,23,1,2,7,0,1186,1492,79.5,156,29,20,47,1.4,1.4,2.6,0.04,0.08
Léo Baptistão,24,8,3,4,0,486,746,65.1,31,24,37,11,10.3,10.3,3.7,0.35,0.12
Sergio García,34,2,5,4,0,299,434,68.9,20,26,21,12,4.4,4.4,2.8,0.24,0.16
Christian Günter,24,1,4,2,0,1231,1728,71.2,84,47,98,58,1.9,1.1,4,0.06,0.12
Janik Haberer,23,3,4,9,0,725,1026,70.7,73,33,21,21,5.2,3.7,2.7,0.17,0.09
Riyad Mahrez,26,12,10,2,0,1059,1447,73.2,122,62,79,93,5.3,5.3,8,0.16,0.24
Wilfred Ndidi,20,0,3,8,4,1262,1684,74.9,114,12,11,35,1.8,1.8,0.6,0.06,0.02
Marc Albrighton,27,2,7,5,1,747,1260,59.3,105,42,138,95,1.4,1.4,4.8,0.05,0.17
Demarai Gray,21,3,1,2,0,460,651,70.7,27,27,63,32,2,2,3.2,0.11,0.17
José Luis Morales,30,10,8,7,2,640,1011,63.3,60,47,97,42,8.7,6.4,5.6,0.25,0.16
José Campaña,24,1,4,9,2,1307,1617,80.8,147,52,35,69,1.5,1.5,4,0.05,0.13
Jack Cork,28,2,1,7,0,1268,1615,78.5,129,19,10,37,2.3,2.3,0.9,0.06,0.02
Jóhann Berg Guðmundsson,26,2,8,2,0,669,1051,63.7,33,66,121,84,3.6,3.6,5,0.11,0.16
Jeff Hendrick,25,2,2,1,0,630,812,77.6,46,23,20,9,3.1,3.1,1.5,0.12,0.06
Remo Freuler,25,5,2,4,1,1900,2200,86.4,206,45,23,37,5.9,5.9,2.5,0.18,0.08
Bryan Cristante,22,9,2,4,0,1223,1584,77.2,169,40,26,31,9.1,8.3,4.3,0.29,0.14
Papu Gómez,29,6,8,2,0,1108,1512,73.3,81,101,126,72,11.9,9.6,10,0.39,0.33
Marten de Roon,26,3,3,9,2,1426,1685,84.6,174,21,9,65,3,1.5,2,0.1,0.07
Hans Hateboer,23,0,1,3,0,1111,1401,79.3,75,16,51,17,1.8,1.8,1.7,0.07,0.06
Josip Ilicic,29,11,6,3,0,911,1188,76.7,63,62,54,69,9.6,8.1,6.2,0.43,0.28
Portu,25,11,4,5,0,483,679,71.1,42,40,62,15,6.9,6.9,5.9,0.21,0.18
Borja García,26,2,5,2,0,1143,1399,81.7,139,57,47,70,2.3,2.3,4,0.07,0.13
Álex Granell,28,1,5,11,0,1379,1851,74.5,186,75,72,130,2.8,2,5.8,0.09,0.18
Pablo Maffeo,20,0,0,11,0,838,1216,68.9,59,27,89,40,1.1,1.1,1.9,0.04,0.06
Pere Pons,24,0,1,8,0,785,988,79.5,88,14,7,18,1.1,1.1,1.7,0.04,0.06
Aday,29,2,0,10,0,695,1006,69.1,41,23,99,39,2.6,1.1,1.8,0.13,0.09
Lucas Torreira,21,4,1,6,0,1939,2288,84.7,203,32,27,69,1.6,1.6,1.9,0.04,0.05
Dennis Praet,23,1,3,4,0,1236,1511,81.8,116,35,54,27,1.4,1.4,3,0.05,0.1
Gastón Ramírez,26,3,6,9,0,779,1100,70.8,65,46,42,43,3.9,3.9,5.2,0.16,0.21
Gianluca Caprari,24,5,3,5,2,505,676,74.7,28,30,25,16,7.8,7.8,3.2,0.39,0.16
Romain Amalfitano,27,0,1,5,0,1129,1400,80.6,138,26,18,83,0.4,0.4,2,0.01,0.07
Naïm Sliti,25,7,6,2,0,616,903,68.2,60,58,46,41,5.5,4,5,0.22,0.2
Kwon Chang-hoon,23,11,2,3,0,446,685,65.1,23,31,54,32,8.2,8.2,1.9,0.34,0.08
Alfonso Pedraza,21,3,5,5,0,460,734,62.7,40,28,60,19,3.5,3.5,3.7,0.13,0.14
Ibai Gómez,27,7,6,1,0,616,934,66,74,38,62,55,5.5,4.7,4.8,0.21,0.18
Mohamed Salah,25,32,10,1,0,762,1042,73.1,36,62,56,35,22.2,20.7,8.3,0.68,0.26
Georginio Wijnaldum,26,1,2,1,0,1129,1265,89.2,92,22,4,25,2.4,2.4,1.3,0.09,0.05
James Milner,31,0,3,3,0,1314,1607,81.8,199,38,67,74,1.7,1.7,3.5,0.09,0.18
Alex Oxlade-Chamberlain,23,3,7,3,0,603,789,76.4,82,32,46,47,2,2,3.5,0.12,0.21
Javier Eraso,27,4,3,4,0,649,902,72,55,41,32,22,3.9,3.9,2.9,0.14,0.1
Rubén Pérez,28,0,0,13,0,1097,1460,75.1,141,13,6,69,0.3,0.3,1.1,0.01,0.04
Pablo Zabaleta,32,0,1,9,0,1114,1562,71.3,108,18,59,14,0.5,0.5,1.2,0.01,0.03
Cheikhou Kouyaté,27,2,3,5,0,749,1007,74.4,49,15,13,10,2.6,2.6,0.8,0.08,0.03
Marko Arnautovic,28,11,6,5,1,507,751,67.5,21,33,56,11,10,10,4.4,0.39,0.17
Amath,21,3,0,9,0,402,617,65.2,41,22,23,9,5.2,5.2,2,0.16,0.06
Francisco Portillo,27,2,3,6,0,731,998,73.2,95,23,14,12,2.7,1.1,2.9,0.1,0.11
Fayçal Fajr,28,1,2,7,0,734,1060,69.2,72,39,68,112,1.8,1,2.9,0.07,0.11
Frederic Guilbert,22,1,1,12,0,1021,1510,67.6,71,14,95,58,1.1,1.1,0.9,0.03,0.02
Ronny Rodelin,27,5,5,1,0,914,1337,68.4,120,57,61,70,8.3,7.6,6,0.24,0.17
Julien Féret,35,0,1,3,0,1313,1713,76.6,153,69,52,91,1,1,4,0.03,0.12
Lucas Leiva,30,2,3,9,0,1860,2144,86.8,246,35,8,38,2.6,2.6,1.8,0.08,0.06
Sergej Milinkovic-Savic,22,12,4,8,0,1424,1819,78.3,170,50,38,64,5.9,5.9,5,0.19,0.16
Luis Alberto,24,11,14,5,0,1339,1824,73.4,184,91,53,93,7.9,6.4,10.2,0.26,0.34
Marco Parolo,32,4,3,3,2,995,1237,80.4,85,27,23,40,5.5,5.5,2,0.19,0.07
Senad Lulic,31,3,4,7,2,1101,1475,74.6,79,35,89,62,2.3,1.6,3.3,0.09,0.12
Adam Marušic,24,3,4,3,1,925,1195,77.4,32,38,84,21,3.2,3.2,3,0.11,0.11
Thomas Mangani,30,2,4,7,0,1496,2088,71.6,206,64,92,90,4.4,3.6,5.9,0.13,0.17
Karl Toko Ekambi,24,17,5,4,0,690,907,76.1,33,41,34,27,16.2,13.9,4.2,0.48,0.12
Baptiste Santamaria,22,0,0,6,0,936,1169,80.1,116,16,14,48,0.3,0.3,1.1,0.01,0.04
Flavien Tait,24,4,3,5,2,702,981,71.6,73,40,52,31,3.9,3.9,4,0.16,0.16
Andrea Bertolacci,26,1,0,7,1,1310,1641,79.8,161,26,10,53,1.1,1.1,2,0.03,0.06
Diego Laxalt,24,3,3,2,0,934,1316,71,43,24,80,30,1.8,1.8,2.1,0.06,0.07
Goran Pandev,34,5,1,4,1,445,610,73,50,29,15,15,5.8,5.8,2.7,0.29,0.13
Theodor Gebre Selassie,30,3,0,4,0,1133,1441,78.6,81,19,24,17,2.5,2.5,1.4,0.08,0.04
Thomas Delaney,25,3,4,5,0,921,1274,72.3,93,28,29,27,4.2,4.2,2.5,0.14,0.08
Maximilian Eggestein,20,2,3,3,0,766,1013,75.6,81,16,20,16,4.6,4.6,1.2,0.15,0.04
Jay Rodriguez,28,7,1,2,0,507,729,69.5,42,18,22,16,7.9,7.2,1.2,0.25,0.04
Jake Livermore,27,2,2,5,0,871,1126,77.4,119,20,13,35,2.1,2.1,2,0.07,0.07
Florian Thauvin,24,22,11,7,0,1311,1815,72.2,122,74,144,65,15,12,9.3,0.46,0.28
Luiz Gustavo,30,5,2,10,1,1714,1929,88.9,172,16,15,66,3.2,3.2,1,0.1,0.03
Dimitri Payet,30,6,13,6,0,1198,1617,74.1,128,126,131,67,8,5.7,13,0.31,0.5
Andre-Frank Zambo Anguissa,21,0,0,5,0,1546,1780,86.9,145,23,10,17,1.5,1.5,2,0.06,0.07
Morgan Sanson,22,9,2,8,0,817,1051,77.7,76,37,53,43,5.5,5.5,3.6,0.23,0.15
Lucas Ocampos,23,9,2,6,1,496,656,75.6,38,23,31,12,9.5,9.5,2.3,0.42,0.1
Samuel Grandsir,20,3,4,3,0,661,949,69.7,51,35,69,31,3.9,3.9,3.6,0.13,0.12
Saîf-Eddine Khaoui,22,5,1,1,0,465,713,65.2,45,30,39,26,4.5,3.7,3,0.2,0.14
Bryan Pelé,25,2,2,1,0,407,596,68.3,33,23,59,25,2,2,2,0.11,0.11
Marco Asensio,21,6,4,2,0,1028,1226,83.8,93,52,76,39,4.8,4.8,5.6,0.24,0.27
Lucas Vázquez,26,4,7,3,0,820,1023,80.2,35,52,88,33,4.1,4.1,6,0.22,0.32
Yunus Malli,25,5,4,3,0,653,859,76,61,30,30,20,5.2,5.2,4.2,0.21,0.17
Charlie Daniels,30,1,3,0,0,1459,1968,74.1,92,28,85,38,0.5,0.5,2.4,0.01,0.07
Joshua King,25,8,3,3,0,517,724,71.4,38,38,41,9,7.7,6.2,4.4,0.28,0.16
Jordon Ibe,21,2,6,1,0,580,790,73.4,31,34,54,30,2.8,2.8,3.7,0.13,0.17
Andros Townsend,26,2,7,3,0,833,1196,69.6,49,59,119,55,3.2,3.2,6.1,0.09,0.18
Luka Milivojevic,26,10,1,8,0,1340,1681,79.7,184,21,17,73,7.4,2,1.1,0.22,0.03
Yohan Cabaye,31,0,1,7,0,1080,1405,76.9,111,44,71,101,2.3,2.3,3.5,0.09,0.13
James McArthur,29,5,1,5,0,852,1085,78.5,82,21,7,13,4.7,4.7,1.2,0.17,0.04
Jordan Veretout,24,8,1,10,1,1755,2157,81.4,240,51,38,95,5.4,3.1,3.8,0.15,0.11
Federico Chiesa,19,6,4,7,0,751,1039,72.3,40,53,88,28,7.1,7.1,6.2,0.21,0.19
Marco Benassi,22,5,3,6,0,994,1322,75.2,112,38,46,31,4.9,4.9,3.2,0.16,0.1
Corentin Jean,22,1,3,3,0,348,515,67.6,23,28,54,22,1.8,1.8,3,0.1,0.16
Christian Eriksen,25,10,10,0,0,1865,2440,76.4,214,104,116,103,6.7,6.7,12.6,0.19,0.35
Dele Alli,21,9,10,7,0,972,1256,77.4,87,60,23,23,9.3,9.3,7.9,0.28,0.24
Eric Dier,23,0,2,4,0,1905,2246,84.8,234,17,15,75,1.8,1.8,2.1,0.06,0.07
Son Heung-min,25,12,6,0,0,781,975,80.1,32,34,47,11,10.1,10.1,4.7,0.39,0.18
Moussa Sissoko,27,1,1,3,0,730,885,82.5,59,26,26,16,3.2,3.2,2.4,0.21,0.15
Oriol Romeu,25,1,0,11,0,1533,1869,82,148,21,6,68,2,2,1.2,0.06,0.04
Dušan Tadic,28,6,3,4,0,861,1237,69.6,61,62,98,39,4.4,3.7,6.7,0.14,0.21
Nathan Redmond,23,1,3,3,0,616,856,72,35,42,54,49,2.3,2.3,3.6,0.11,0.17
Thorgan Hazard,24,10,5,1,0,998,1365,73.1,49,67,73,60,13.7,9.2,6.7,0.42,0.21
Lars Stindl,28,6,3,5,0,1283,1563,82.1,119,47,13,24,7.5,7.5,6.2,0.25,0.2
Rolando Mandragora,20,2,0,8,0,1077,1380,78,114,24,18,40,2.2,2.2,1.5,0.06,0.04
Andrea Barberis,23,2,1,1,0,807,1130,71.4,68,30,30,39,1.5,1.5,2.1,0.04,0.06
Adrian Stoian,26,2,4,5,0,628,1025,61.3,90,20,57,25,2,1.5,2.1,0.08,0.09
Iñaki Williams,23,7,4,3,0,555,754,73.6,27,32,65,9,8.8,8.8,4.7,0.28,0.15
Raúl García,31,10,1,10,0,491,879,55.9,79,29,32,10,9.1,6.8,3.8,0.31,0.13
Markel Susaeta,29,3,2,2,0,740,1003,73.8,52,48,68,55,2.1,2.1,4.3,0.08,0.17
Abdoulaye Doucouré,24,7,3,10,0,1868,2259,82.7,168,39,26,62,3.1,3.1,2.4,0.08,0.06
Richarlison,20,5,4,4,0,532,843,63.1,36,26,47,12,10.1,10.1,3.3,0.32,0.1
Roberto Pereyra,26,5,2,3,0,602,737,81.7,46,24,38,35,3.5,3.5,2.4,0.2,0.13
Rodri,21,1,3,8,0,2196,2462,89.2,185,25,6,64,1.6,1.6,1.8,0.05,0.05
Manu Trigueros,25,3,4,10,2,1564,1850,84.5,178,48,42,74,2.9,1.4,4.1,0.1,0.14
Pablo Fornals,21,3,9,4,0,1042,1346,77.4,110,50,34,38,3.6,3.6,7.5,0.12,0.26
Guilherme,26,0,0,11,0,1196,1434,83.4,103,16,14,55,1.8,1.8,1.4,0.06,0.05
Celso Borges,29,3,3,4,2,924,1209,76.4,111,22,17,27,3.5,3.5,2.2,0.14,0.08
Ellyes Skhiri,22,4,0,8,0,1341,1586,84.6,133,31,10,64,1.8,1.8,1.4,0.05,0.04
Paul Lasne,28,1,3,10,0,1412,1769,79.8,183,34,40,84,1.4,1.4,2.6,0.04,0.08
Ruben Aguilar,24,0,3,2,0,1114,1478,75.4,90,31,83,29,0.7,0.7,2.6,0.03,0.09
Isaac Mbenza,21,8,2,4,0,428,646,66.3,26,29,71,42,7.3,7.3,2.1,0.31,0.09
Salomon Kalou,31,12,3,0,0,446,635,70.2,36,17,15,7,10.1,8.6,2.5,0.41,0.1
Gaël Kakuta,26,6,4,3,0,889,1378,64.5,105,66,89,49,4.7,4,7.1,0.14,0.21
Thomas Monconduit,26,1,3,7,1,1128,1440,78.3,120,21,11,40,0.9,0.9,1.2,0.03,0.04
Harrison Manzala,23,4,3,3,0,477,665,71.7,19,10,41,12,3,2.2,2.1,0.14,0.1
Lionel Messi,30,34,12,3,0,1532,1947,78.7,198,84,36,45,25.3,22.3,13.6,0.76,0.41
Ivan Rakitic,29,1,3,4,0,2249,2533,88.8,244,29,25,75,1.9,1.9,4,0.06,0.13
Sergio Busquets,29,1,2,8,0,1945,2173,89.5,203,23,3,51,0.6,0.6,1.6,0.02,0.05
Paulinho,29,9,2,2,0,1059,1214,87.2,87,11,4,10,8.9,8.9,2,0.42,0.09
Simone Verdi,25,10,8,2,0,900,1321,68.1,81,52,81,106,8.1,6.5,5.6,0.26,0.18
Andrea Poli,27,2,0,9,2,1126,1273,88.5,84,15,12,9,2.3,2.3,1.1,0.08,0.04
Erick Pulgar,23,3,0,9,0,1430,1748,81.8,139,23,10,84,1.7,0.9,2.6,0.06,0.09
Manuel Lazzari,23,2,1,4,0,1189,1537,77.4,60,29,104,43,1.3,1.3,2.1,0.04,0.06
Pasquale Schiattarella,30,1,3,12,0,939,1180,79.6,96,43,27,39,0.8,0.8,4,0.04,0.18
Nemanja Matic,28,1,1,6,0,2232,2573,86.7,211,24,10,98,0.7,0.7,1.8,0.02,0.05
Jesse Lingard,24,8,5,2,0,821,974,84.3,63,27,26,16,7.7,7.7,3,0.38,0.15
Marcus Rashford,19,7,5,3,0,477,675,70.7,24,26,56,21,4.5,4.5,4.5,0.22,0.23
Granit Xhaka,24,1,7,10,0,2673,3130,85.4,374,42,34,164,2,2,3.9,0.06,0.11
Héctor Bellerín,22,2,3,5,0,1758,2121,82.9,87,36,69,14,2.2,2.2,3.6,0.06,0.11
Joe Allen,27,2,6,8,0,1080,1365,79.1,106,32,22,18,2.4,2.4,2.6,0.07,0.07
Xherdan Shaqiri,25,8,7,5,0,893,1261,70.8,94,73,110,94,5.3,4.6,7,0.16,0.21
Erik Pieters,28,0,1,5,0,906,1284,70.6,95,16,45,27,0,0,1.3,0,0.04
Mame Biram Diouf,29,6,2,6,0,360,641,56.2,32,15,24,4,7.3,7.3,0.9,0.25,0.03
Pierre Lees-Melou,24,5,6,6,1,1306,1629,80.2,111,55,55,76,5.5,4.8,5.1,0.17,0.16
Jean Seri,26,2,4,5,0,2374,2667,89,180,65,48,88,3.1,3.1,4.2,0.11,0.14
Lukas Lerager,24,3,1,8,0,1247,1626,76.7,127,22,16,36,4.4,4.4,2.1,0.12,0.06
Malcom,20,12,7,2,0,1146,1531,74.9,84,86,88,68,7.4,5.7,8.8,0.23,0.28
François Kamano,21,8,4,4,0,542,684,79.2,15,32,47,17,8.4,7.4,4.9,0.37,0.22
Tomás Rincón,29,1,0,12,0,1256,1520,82.6,107,23,16,53,0.8,0.8,1.7,0.02,0.05
Lorenzo De Silvestri,29,5,2,3,2,1238,1726,71.7,90,17,64,25,3.2,3.2,2.1,0.1,0.06
Daniele Baselli,25,4,0,13,2,1091,1335,81.7,92,27,14,42,3.6,3.6,1.9,0.13,0.07
Rômulo,30,3,5,7,0,1155,1583,73,78,48,95,56,3.9,2.5,4.1,0.11,0.11
Caiuby,29,5,7,8,0,700,1046,66.9,68,30,52,30,4.9,4.9,3.7,0.16,0.12
Michael Gregoritsch,23,13,3,3,0,547,798,68.5,63,20,12,23,10.2,9.5,2.2,0.36,0.08
Antonín Barák,22,7,3,5,0,912,1158,78.8,96,28,21,27,3.5,3.5,3,0.12,0.1
Jakub Jankto,21,4,4,5,0,819,1146,71.5,74,58,73,40,4.6,4.6,6.5,0.16,0.22
Rodrigo De Paul,23,4,8,4,0,761,1105,68.9,89,68,86,68,5.7,2.7,7.5,0.22,0.29
Mark Uth,25,14,8,5,0,419,563,74.4,24,26,21,15,10.4,9.9,4.8,0.43,0.2
Andrej Kramaric,26,13,6,1,0,668,922,72.5,68,51,66,48,10.2,8.7,6,0.41,0.24
